"time","dangjin_floating","dangjin_warehouse","dangjin","ulsan"
2021-02-01 01:00:00,2,1,2,2
2021-02-01 02:00:00,2,1,2,2
2021-02-01 03:00:00,2,1,2,2
2021-02-01 04:00:00,2,1,2,2
2021-02-01 05:00:00,2,1,2,2
2021-02-01 06:00:00,2,1,2,2
2021-02-01 07:00:00,3,2,3,3
2021-02-01 08:00:00,7,6,7,8
2021-02-01 09:00:00,51,41,63,55
2021-02-01 10:00:00,146,110,173,136
2021-02-01 11:00:00,222,178,262,200
2021-02-01 12:00:00,302,230,353,257
2021-02-01 13:00:00,300,235,355,264
2021-02-01 14:00:00,300,236,356,260
2021-02-01 15:00:00,274,224,330,228
2021-02-01 16:00:00,237,191,292,178
2021-02-01 17:00:00,129,114,149,85
2021-02-01 18:00:00,43,37,44,22
2021-02-01 19:00:00,14,15,16,9
2021-02-01 20:00:00,8,12,11,8
2021-02-01 21:00:00,8,12,11,8
2021-02-01 22:00:00,8,12,11,8
2021-02-01 23:00:00,8,12,11,8
2021-02-02 00:00:00,1,1,2,2
2021-02-02 01:00:00,1,1,2,2
2021-02-02 02:00:00,1,1,2,2
2021-02-02 03:00:00,1,1,2,2
2021-02-02 04:00:00,1,1,2,2
2021-02-02 05:00:00,1,1,2,2
2021-02-02 06:00:00,1,1,2,2
2021-02-02 07:00:00,2,1,3,3
2021-02-02 08:00:00,6,6,6,7
2021-02-02 09:00:00,50,41,59,56
2021-02-02 10:00:00,138,109,162,137
2021-02-02 11:00:00,212,176,255,202
2021-02-02 12:00:00,313,242,368,258
2021-02-02 13:00:00,318,258,378,266
2021-02-02 14:00:00,326,259,390,263
2021-02-02 15:00:00,308,248,369,230
2021-02-02 16:00:00,283,217,332,178
2021-02-02 17:00:00,136,119,152,84
2021-02-02 18:00:00,42,35,42,21
2021-02-02 19:00:00,13,13,15,8
2021-02-02 20:00:00,8,10,10,7
2021-02-02 21:00:00,8,10,10,7
2021-02-02 22:00:00,8,10,10,7
2021-02-02 23:00:00,8,10,10,7
2021-02-03 00:00:00,1,1,2,1
2021-02-03 01:00:00,1,1,2,1
2021-02-03 02:00:00,1,1,2,1
2021-02-03 03:00:00,1,1,2,1
2021-02-03 04:00:00,1,1,2,1
2021-02-03 05:00:00,1,1,2,1
2021-02-03 06:00:00,1,1,2,1
2021-02-03 07:00:00,2,2,3,3
2021-02-03 08:00:00,6,5,6,7
2021-02-03 09:00:00,55,42,62,52
2021-02-03 10:00:00,138,109,163,123
2021-02-03 11:00:00,208,174,252,184
2021-02-03 12:00:00,306,243,359,228
2021-02-03 13:00:00,325,260,379,235
2021-02-03 14:00:00,337,267,390,231
2021-02-03 15:00:00,319,259,377,210
2021-02-03 16:00:00,274,215,322,163
2021-02-03 17:00:00,134,118,153,81
2021-02-03 18:00:00,42,36,41,21
2021-02-03 19:00:00,13,13,14,9
2021-02-03 20:00:00,8,11,9,7
2021-02-03 21:00:00,8,11,9,7
2021-02-03 22:00:00,8,11,9,7
2021-02-03 23:00:00,8,11,9,7
2021-02-04 00:00:00,1,1,2,2
2021-02-04 01:00:00,1,1,2,2
2021-02-04 02:00:00,1,1,2,2
2021-02-04 03:00:00,1,1,2,2
2021-02-04 04:00:00,1,1,2,2
2021-02-04 05:00:00,1,1,2,2
2021-02-04 06:00:00,1,1,2,2
2021-02-04 07:00:00,2,2,3,3
2021-02-04 08:00:00,7,6,6,7
2021-02-04 09:00:00,64,46,72,54
2021-02-04 10:00:00,178,124,200,131
2021-02-04 11:00:00,281,210,318,204
2021-02-04 12:00:00,395,295,467,249
2021-02-04 13:00:00,418,321,497,259
2021-02-04 14:00:00,414,315,500,253
2021-02-04 15:00:00,381,288,453,225
2021-02-04 16:00:00,299,225,353,169
2021-02-04 17:00:00,146,122,162,85
2021-02-04 18:00:00,42,35,42,21
2021-02-04 19:00:00,13,13,14,9
2021-02-04 20:00:00,8,10,10,7
2021-02-04 21:00:00,8,10,10,7
2021-02-04 22:00:00,8,10,10,7
2021-02-04 23:00:00,8,10,10,7
2021-02-05 00:00:00,1,1,2,1
2021-02-05 01:00:00,1,1,2,1
2021-02-05 02:00:00,1,1,2,1
2021-02-05 03:00:00,1,1,2,1
2021-02-05 04:00:00,1,1,2,1
2021-02-05 05:00:00,1,1,2,1
2021-02-05 06:00:00,1,1,2,1
2021-02-05 07:00:00,2,2,2,2
2021-02-05 08:00:00,7,6,6,7
2021-02-05 09:00:00,67,47,78,58
2021-02-05 10:00:00,201,133,222,142
2021-02-05 11:00:00,331,227,362,211
2021-02-05 12:00:00,443,302,491,251
2021-02-05 13:00:00,467,314,527,256
2021-02-05 14:00:00,459,301,524,252
2021-02-05 15:00:00,417,283,471,223
2021-02-05 16:00:00,333,233,385,169
2021-02-05 17:00:00,193,132,219,88
2021-02-05 18:00:00,49,41,51,25
2021-02-05 19:00:00,12,13,15,10
2021-02-05 20:00:00,6,10,9,9
2021-02-05 21:00:00,6,10,9,9
2021-02-05 22:00:00,6,10,9,9
2021-02-05 23:00:00,6,10,9,9
2021-02-06 00:00:00,1,1,2,1
2021-02-06 01:00:00,1,1,2,1
2021-02-06 02:00:00,1,1,2,1
2021-02-06 03:00:00,1,1,2,1
2021-02-06 04:00:00,1,1,2,1
2021-02-06 05:00:00,1,1,2,1
2021-02-06 06:00:00,1,1,2,1
2021-02-06 07:00:00,2,1,2,2
2021-02-06 08:00:00,7,5,6,7
2021-02-06 09:00:00,64,43,74,55
2021-02-06 10:00:00,191,117,211,137
2021-02-06 11:00:00,316,202,344,202
2021-02-06 12:00:00,431,276,477,248
2021-02-06 13:00:00,459,295,519,254
2021-02-06 14:00:00,442,282,501,251
2021-02-06 15:00:00,403,264,452,221
2021-02-06 16:00:00,326,221,373,165
2021-02-06 17:00:00,189,125,214,86
2021-02-06 18:00:00,49,38,51,24
2021-02-06 19:00:00,12,13,15,10
2021-02-06 20:00:00,6,10,10,9
2021-02-06 21:00:00,6,10,9,9
2021-02-06 22:00:00,6,10,9,9
2021-02-06 23:00:00,6,10,9,9
2021-02-07 00:00:00,1,1,2,1
2021-02-07 01:00:00,1,1,2,1
2021-02-07 02:00:00,1,1,2,1
2021-02-07 03:00:00,1,1,2,1
2021-02-07 04:00:00,1,1,2,1
2021-02-07 05:00:00,1,1,2,1
2021-02-07 06:00:00,1,1,2,1
2021-02-07 07:00:00,2,1,2,2
2021-02-07 08:00:00,7,5,6,6
2021-02-07 09:00:00,58,40,66,50
2021-02-07 10:00:00,186,115,207,132
2021-02-07 11:00:00,322,205,351,200
2021-02-07 12:00:00,437,280,487,245
2021-02-07 13:00:00,457,296,522,250
2021-02-07 14:00:00,441,287,505,243
2021-02-07 15:00:00,406,268,467,211
2021-02-07 16:00:00,324,223,375,159
2021-02-07 17:00:00,197,128,224,84
2021-02-07 18:00:00,51,39,52,24
2021-02-07 19:00:00,13,13,15,10
2021-02-07 20:00:00,6,10,9,8
2021-02-07 21:00:00,6,10,9,8
2021-02-07 22:00:00,6,10,9,8
2021-02-07 23:00:00,6,10,9,8
2021-02-08 00:00:00,2,1,2,1
2021-02-08 01:00:00,2,1,2,1
2021-02-08 02:00:00,2,1,2,1
2021-02-08 03:00:00,2,1,2,1
2021-02-08 04:00:00,2,1,2,1
2021-02-08 05:00:00,2,1,2,1
2021-02-08 06:00:00,2,1,2,1
2021-02-08 07:00:00,2,2,2,2
2021-02-08 08:00:00,7,6,6,7
2021-02-08 09:00:00,62,42,71,52
2021-02-08 10:00:00,189,118,213,135
2021-02-08 11:00:00,323,206,353,202
2021-02-08 12:00:00,445,281,492,247
2021-02-08 13:00:00,475,298,538,254
2021-02-08 14:00:00,471,291,539,252
2021-02-08 15:00:00,426,270,487,220
2021-02-08 16:00:00,341,226,397,165
2021-02-08 17:00:00,202,132,233,87
2021-02-08 18:00:00,51,39,53,24
2021-02-08 19:00:00,12,13,15,10
2021-02-08 20:00:00,6,10,10,8
2021-02-08 21:00:00,6,10,10,8
2021-02-08 22:00:00,6,10,10,8
2021-02-08 23:00:00,6,10,10,8
2021-02-09 00:00:00,2,1,2,1
2021-02-09 01:00:00,2,1,2,1
2021-02-09 02:00:00,2,1,2,1
2021-02-09 03:00:00,2,1,2,1
2021-02-09 04:00:00,2,1,2,1
2021-02-09 05:00:00,2,1,2,1
2021-02-09 06:00:00,2,1,2,1
2021-02-09 07:00:00,3,2,2,2
2021-02-09 08:00:00,7,6,6,7
2021-02-09 09:00:00,69,44,78,53
2021-02-09 10:00:00,194,120,221,136
2021-02-09 11:00:00,328,208,359,203
2021-02-09 12:00:00,446,278,491,247
2021-02-09 13:00:00,475,292,533,253
2021-02-09 14:00:00,469,287,529,250
2021-02-09 15:00:00,424,270,477,218
2021-02-09 16:00:00,338,223,385,163
2021-02-09 17:00:00,201,128,228,86
2021-02-09 18:00:00,52,39,53,24
2021-02-09 19:00:00,12,12,15,10
2021-02-09 20:00:00,6,10,10,8
2021-02-09 21:00:00,6,10,10,8
2021-02-09 22:00:00,6,10,10,8
2021-02-09 23:00:00,6,10,10,8
2021-02-10 00:00:00,2,1,1,1
2021-02-10 01:00:00,2,1,1,1
2021-02-10 02:00:00,2,1,1,1
2021-02-10 03:00:00,2,1,1,1
2021-02-10 04:00:00,2,1,1,1
2021-02-10 05:00:00,2,1,1,1
2021-02-10 06:00:00,2,1,1,1
2021-02-10 07:00:00,3,2,2,2
2021-02-10 08:00:00,7,6,6,7
2021-02-10 09:00:00,66,43,74,54
2021-02-10 10:00:00,186,115,207,136
2021-02-10 11:00:00,318,201,349,199
2021-02-10 12:00:00,426,270,467,227
2021-02-10 13:00:00,446,284,496,226
2021-02-10 14:00:00,444,282,498,223
2021-02-10 15:00:00,409,266,462,203
2021-02-10 16:00:00,332,222,378,157
2021-02-10 17:00:00,199,127,225,83
2021-02-10 18:00:00,52,38,52,24
2021-02-10 19:00:00,13,12,14,10
2021-02-10 20:00:00,6,10,9,8
2021-02-10 21:00:00,6,10,9,8
2021-02-10 22:00:00,6,10,9,8
2021-02-10 23:00:00,6,10,9,8
2021-02-11 00:00:00,2,1,1,1
2021-02-11 01:00:00,2,1,1,1
2021-02-11 02:00:00,2,1,1,1
2021-02-11 03:00:00,2,1,1,1
2021-02-11 04:00:00,2,1,1,1
2021-02-11 05:00:00,2,1,1,1
2021-02-11 06:00:00,2,1,1,1
2021-02-11 07:00:00,3,2,2,2
2021-02-11 08:00:00,8,6,6,8
2021-02-11 09:00:00,65,43,74,55
2021-02-11 10:00:00,185,114,206,139
2021-02-11 11:00:00,321,202,355,204
2021-02-11 12:00:00,444,280,494,241
2021-02-11 13:00:00,469,301,530,245
2021-02-11 14:00:00,464,303,530,242
2021-02-11 15:00:00,426,279,483,210
2021-02-11 16:00:00,337,227,387,159
2021-02-11 17:00:00,204,129,228,88
2021-02-11 18:00:00,51,38,51,24
2021-02-11 19:00:00,13,12,14,10
2021-02-11 20:00:00,7,10,9,8
2021-02-11 21:00:00,6,10,9,8
2021-02-11 22:00:00,6,10,9,8
2021-02-11 23:00:00,6,10,9,8
2021-02-12 00:00:00,1,1,2,1
2021-02-12 01:00:00,1,1,2,1
2021-02-12 02:00:00,1,1,2,1
2021-02-12 03:00:00,1,1,2,1
2021-02-12 04:00:00,1,1,2,1
2021-02-12 05:00:00,1,1,2,1
2021-02-12 06:00:00,1,1,2,1
2021-02-12 07:00:00,2,1,2,2
2021-02-12 08:00:00,7,6,6,8
2021-02-12 09:00:00,55,40,64,51
2021-02-12 10:00:00,169,106,186,123
2021-02-12 11:00:00,285,181,307,187
2021-02-12 12:00:00,374,242,420,221
2021-02-12 13:00:00,388,254,442,226
2021-02-12 14:00:00,381,257,449,230
2021-02-12 15:00:00,369,250,427,208
2021-02-12 16:00:00,311,212,356,158
2021-02-12 17:00:00,194,125,216,85
2021-02-12 18:00:00,48,37,51,23
2021-02-12 19:00:00,12,12,15,9
2021-02-12 20:00:00,6,9,10,8
2021-02-12 21:00:00,5,9,10,8
2021-02-12 22:00:00,5,9,10,8
2021-02-12 23:00:00,5,9,10,8
2021-02-13 00:00:00,2,1,2,1
2021-02-13 01:00:00,2,1,2,1
2021-02-13 02:00:00,2,1,2,1
2021-02-13 03:00:00,2,1,2,1
2021-02-13 04:00:00,2,1,2,1
2021-02-13 05:00:00,2,1,2,1
2021-02-13 06:00:00,2,1,2,1
2021-02-13 07:00:00,2,1,2,2
2021-02-13 08:00:00,7,6,7,8
2021-02-13 09:00:00,59,42,68,53
2021-02-13 10:00:00,170,106,188,127
2021-02-13 11:00:00,287,182,312,192
2021-02-13 12:00:00,381,245,434,237
2021-02-13 13:00:00,404,260,469,246
2021-02-13 14:00:00,400,268,467,243
2021-02-13 15:00:00,386,258,449,219
2021-02-13 16:00:00,319,219,372,162
2021-02-13 17:00:00,201,128,226,88
2021-02-13 18:00:00,50,39,54,24
2021-02-13 19:00:00,12,12,14,10
2021-02-13 20:00:00,5,9,9,8
2021-02-13 21:00:00,5,9,9,8
2021-02-13 22:00:00,5,9,9,8
2021-02-13 23:00:00,5,9,9,8
2021-02-14 00:00:00,2,1,2,1
2021-02-14 01:00:00,2,1,2,1
2021-02-14 02:00:00,2,1,2,1
2021-02-14 03:00:00,2,1,2,1
2021-02-14 04:00:00,2,1,2,1
2021-02-14 05:00:00,2,1,2,1
2021-02-14 06:00:00,2,1,2,1
2021-02-14 07:00:00,2,1,2,2
2021-02-14 08:00:00,8,6,6,8
2021-02-14 09:00:00,60,42,70,51
2021-02-14 10:00:00,174,106,192,122
2021-02-14 11:00:00,289,181,318,188
2021-02-14 12:00:00,392,247,447,227
2021-02-14 13:00:00,423,271,491,237
2021-02-14 14:00:00,421,274,491,237
2021-02-14 15:00:00,399,264,465,217
2021-02-14 16:00:00,323,220,379,162
2021-02-14 17:00:00,206,131,230,86
2021-02-14 18:00:00,50,38,54,24
2021-02-14 19:00:00,12,12,14,9
2021-02-14 20:00:00,5,9,9,8
2021-02-14 21:00:00,5,9,9,8
2021-02-14 22:00:00,5,9,9,8
2021-02-14 23:00:00,5,9,9,8
2021-02-15 00:00:00,2,1,2,1
2021-02-15 01:00:00,2,1,2,1
2021-02-15 02:00:00,2,1,2,1
2021-02-15 03:00:00,2,1,2,1
2021-02-15 04:00:00,2,1,2,1
2021-02-15 05:00:00,2,1,2,1
2021-02-15 06:00:00,2,1,2,1
2021-02-15 07:00:00,2,1,3,2
2021-02-15 08:00:00,8,6,7,8
2021-02-15 09:00:00,58,40,68,50
2021-02-15 10:00:00,171,102,190,120
2021-02-15 11:00:00,285,180,312,189
2021-02-15 12:00:00,346,218,396,233
2021-02-15 13:00:00,358,226,416,243
2021-02-15 14:00:00,342,224,403,238
2021-02-15 15:00:00,319,223,387,216
2021-02-15 16:00:00,286,197,329,160
2021-02-15 17:00:00,176,116,191,84
2021-02-15 18:00:00,48,36,51,24
2021-02-15 19:00:00,12,12,14,9
2021-02-15 20:00:00,6,9,9,8
2021-02-15 21:00:00,5,9,9,8
2021-02-15 22:00:00,5,9,9,8
2021-02-15 23:00:00,5,9,9,8
2021-02-16 00:00:00,1,1,1,1
2021-02-16 01:00:00,1,1,1,1
2021-02-16 02:00:00,1,1,1,1
2021-02-16 03:00:00,1,1,1,1
2021-02-16 04:00:00,1,1,1,1
2021-02-16 05:00:00,1,1,1,1
2021-02-16 06:00:00,1,1,1,1
2021-02-16 07:00:00,2,1,2,2
2021-02-16 08:00:00,8,7,6,9
2021-02-16 09:00:00,55,39,66,52
2021-02-16 10:00:00,167,101,183,125
2021-02-16 11:00:00,278,177,303,195
2021-02-16 12:00:00,362,226,412,244
2021-02-16 13:00:00,388,234,454,253
2021-02-16 14:00:00,382,240,450,242
2021-02-16 15:00:00,362,244,431,218
2021-02-16 16:00:00,305,209,354,164
2021-02-16 17:00:00,190,125,209,87
2021-02-16 18:00:00,52,38,52,25
2021-02-16 19:00:00,12,13,14,9
2021-02-16 20:00:00,6,10,9,8
2021-02-16 21:00:00,5,10,9,8
2021-02-16 22:00:00,5,10,9,8
2021-02-16 23:00:00,5,10,9,8
2021-02-17 00:00:00,2,1,1,1
2021-02-17 01:00:00,2,1,1,1
2021-02-17 02:00:00,2,1,1,1
2021-02-17 03:00:00,2,1,1,1
2021-02-17 04:00:00,2,1,1,1
2021-02-17 05:00:00,2,1,1,1
2021-02-17 06:00:00,2,1,1,1
2021-02-17 07:00:00,2,2,2,2
2021-02-17 08:00:00,8,7,7,9
2021-02-17 09:00:00,67,45,83,58
2021-02-17 10:00:00,189,117,209,141
2021-02-17 11:00:00,306,194,336,203
2021-02-17 12:00:00,395,252,443,248
2021-02-17 13:00:00,420,265,482,255
2021-02-17 14:00:00,409,265,475,245
2021-02-17 15:00:00,385,258,457,219
2021-02-17 16:00:00,316,216,369,167
2021-02-17 17:00:00,197,129,224,92
2021-02-17 18:00:00,52,39,53,25
2021-02-17 19:00:00,12,12,14,9
2021-02-17 20:00:00,6,10,9,8
2021-02-17 21:00:00,5,10,9,8
2021-02-17 22:00:00,5,10,9,8
2021-02-17 23:00:00,5,10,9,8
2021-02-18 00:00:00,2,1,2,1
2021-02-18 01:00:00,2,1,2,1
2021-02-18 02:00:00,2,1,2,1
2021-02-18 03:00:00,2,1,2,1
2021-02-18 04:00:00,2,1,2,1
2021-02-18 05:00:00,2,1,2,1
2021-02-18 06:00:00,2,1,2,1
2021-02-18 07:00:00,3,1,3,2
2021-02-18 08:00:00,9,7,7,9
2021-02-18 09:00:00,72,46,86,57
2021-02-18 10:00:00,196,118,217,135
2021-02-18 11:00:00,317,199,346,200
2021-02-18 12:00:00,409,253,452,241
2021-02-18 13:00:00,432,266,484,246
2021-02-18 14:00:00,411,258,467,238
2021-02-18 15:00:00,381,249,445,217
2021-02-18 16:00:00,311,215,364,164
2021-02-18 17:00:00,196,126,222,87
2021-02-18 18:00:00,51,38,52,25
2021-02-18 19:00:00,12,12,14,10
2021-02-18 20:00:00,6,10,9,8
2021-02-18 21:00:00,6,9,9,8
2021-02-18 22:00:00,6,9,9,8
2021-02-18 23:00:00,6,9,9,8
2021-02-19 00:00:00,2,1,2,1
2021-02-19 01:00:00,2,1,2,1
2021-02-19 02:00:00,2,1,2,1
2021-02-19 03:00:00,2,1,2,1
2021-02-19 04:00:00,2,1,2,1
2021-02-19 05:00:00,2,1,2,1
2021-02-19 06:00:00,2,1,2,2
2021-02-19 07:00:00,2,2,3,3
2021-02-19 08:00:00,9,7,7,10
2021-02-19 09:00:00,66,44,73,59
2021-02-19 10:00:00,173,111,191,134
2021-02-19 11:00:00,287,182,310,191
2021-02-19 12:00:00,369,230,413,226
2021-02-19 13:00:00,370,240,433,233
2021-02-19 14:00:00,383,249,452,230
2021-02-19 15:00:00,397,248,451,215
2021-02-19 16:00:00,347,228,390,162
2021-02-19 17:00:00,241,152,261,92
2021-02-19 18:00:00,69,46,73,27
2021-02-19 19:00:00,13,13,14,9
2021-02-19 20:00:00,5,9,8,8
2021-02-19 21:00:00,5,9,8,8
2021-02-19 22:00:00,5,9,8,8
2021-02-19 23:00:00,5,9,8,8
2021-02-20 00:00:00,2,1,2,2
2021-02-20 01:00:00,2,1,2,2
2021-02-20 02:00:00,2,1,2,2
2021-02-20 03:00:00,2,1,2,2
2021-02-20 04:00:00,2,1,2,2
2021-02-20 05:00:00,2,1,2,2
2021-02-20 06:00:00,2,1,2,2
2021-02-20 07:00:00,3,2,3,3
2021-02-20 08:00:00,9,8,8,11
2021-02-20 09:00:00,69,46,78,63
2021-02-20 10:00:00,184,116,201,149
2021-02-20 11:00:00,301,187,325,206
2021-02-20 12:00:00,421,262,465,252
2021-02-20 13:00:00,460,287,499,259
2021-02-20 14:00:00,451,288,499,253
2021-02-20 15:00:00,429,276,479,223
2021-02-20 16:00:00,352,232,395,168
2021-02-20 17:00:00,242,153,263,96
2021-02-20 18:00:00,70,48,75,28
2021-02-20 19:00:00,14,13,15,10
2021-02-20 20:00:00,6,10,9,8
2021-02-20 21:00:00,5,10,9,8
2021-02-20 22:00:00,5,10,9,8
2021-02-20 23:00:00,5,10,9,8
2021-02-21 00:00:00,2,1,2,2
2021-02-21 01:00:00,2,1,2,2
2021-02-21 02:00:00,2,1,2,2
2021-02-21 03:00:00,2,1,2,2
2021-02-21 04:00:00,2,1,2,2
2021-02-21 05:00:00,2,1,2,2
2021-02-21 06:00:00,2,1,2,2
2021-02-21 07:00:00,3,2,2,3
2021-02-21 08:00:00,10,8,8,12
2021-02-21 09:00:00,75,50,84,65
2021-02-21 10:00:00,193,126,210,150
2021-02-21 11:00:00,302,192,332,206
2021-02-21 12:00:00,421,260,467,248
2021-02-21 13:00:00,462,289,508,255
2021-02-21 14:00:00,452,288,507,249
2021-02-21 15:00:00,427,279,483,219
2021-02-21 16:00:00,351,234,393,169
2021-02-21 17:00:00,242,155,264,97
2021-02-21 18:00:00,71,48,75,28
2021-02-21 19:00:00,14,12,14,10
2021-02-21 20:00:00,6,9,8,9
2021-02-21 21:00:00,5,9,8,9
2021-02-21 22:00:00,5,9,8,9
2021-02-21 23:00:00,5,9,8,9
2021-02-22 00:00:00,2,1,2,1
2021-02-22 01:00:00,2,1,2,1
2021-02-22 02:00:00,2,1,2,1
2021-02-22 03:00:00,2,1,2,1
2021-02-22 04:00:00,2,1,2,1
2021-02-22 05:00:00,2,1,2,1
2021-02-22 06:00:00,2,1,2,1
2021-02-22 07:00:00,3,2,3,3
2021-02-22 08:00:00,10,8,8,11
2021-02-22 09:00:00,75,50,85,65
2021-02-22 10:00:00,195,127,214,150
2021-02-22 11:00:00,311,197,344,207
2021-02-22 12:00:00,433,265,482,244
2021-02-22 13:00:00,475,292,531,243
2021-02-22 14:00:00,477,297,535,234
2021-02-22 15:00:00,454,288,520,211
2021-02-22 16:00:00,361,237,419,164
2021-02-22 17:00:00,252,159,278,94
2021-02-22 18:00:00,75,51,81,29
2021-02-22 19:00:00,14,12,15,10
2021-02-22 20:00:00,6,9,8,9
2021-02-22 21:00:00,5,9,8,9
2021-02-22 22:00:00,5,9,8,9
2021-02-22 23:00:00,5,9,8,9
2021-02-23 00:00:00,2,1,2,1
2021-02-23 01:00:00,2,1,2,1
2021-02-23 02:00:00,2,1,2,1
2021-02-23 03:00:00,2,1,2,1
2021-02-23 04:00:00,2,1,2,1
2021-02-23 05:00:00,2,1,2,1
2021-02-23 06:00:00,2,1,2,1
2021-02-23 07:00:00,3,2,3,2
2021-02-23 08:00:00,10,8,8,11
2021-02-23 09:00:00,79,51,89,64
2021-02-23 10:00:00,200,128,220,152
2021-02-23 11:00:00,322,203,354,209
2021-02-23 12:00:00,451,276,491,243
2021-02-23 13:00:00,489,307,539,241
2021-02-23 14:00:00,486,308,542,230
2021-02-23 15:00:00,465,297,526,209
2021-02-23 16:00:00,371,244,426,161
2021-02-23 17:00:00,256,161,284,92
2021-02-23 18:00:00,75,52,84,29
2021-02-23 19:00:00,15,12,15,10
2021-02-23 20:00:00,6,9,9,9
2021-02-23 21:00:00,5,9,8,9
2021-02-23 22:00:00,5,9,8,9
2021-02-23 23:00:00,5,9,8,9
2021-02-24 00:00:00,2,1,2,1
2021-02-24 01:00:00,2,1,2,1
2021-02-24 02:00:00,2,1,2,1
2021-02-24 03:00:00,2,1,2,1
2021-02-24 04:00:00,2,1,2,1
2021-02-24 05:00:00,2,1,2,1
2021-02-24 06:00:00,2,1,2,1
2021-02-24 07:00:00,3,2,3,2
2021-02-24 08:00:00,10,8,8,12
2021-02-24 09:00:00,81,52,91,66
2021-02-24 10:00:00,204,130,226,152
2021-02-24 11:00:00,324,208,356,209
2021-02-24 12:00:00,451,278,491,246
2021-02-24 13:00:00,487,304,530,246
2021-02-24 14:00:00,484,303,533,236
2021-02-24 15:00:00,465,298,521,214
2021-02-24 16:00:00,370,246,426,163
2021-02-24 17:00:00,255,164,283,93
2021-02-24 18:00:00,75,52,85,28
2021-02-24 19:00:00,14,13,15,10
2021-02-24 20:00:00,5,10,9,9
2021-02-24 21:00:00,5,10,8,9
2021-02-24 22:00:00,5,10,8,9
2021-02-24 23:00:00,5,10,8,9
2021-02-25 00:00:00,2,1,2,1
2021-02-25 01:00:00,2,1,2,1
2021-02-25 02:00:00,2,1,2,1
2021-02-25 03:00:00,2,1,2,1
2021-02-25 04:00:00,2,1,2,1
2021-02-25 05:00:00,2,1,2,1
2021-02-25 06:00:00,2,1,2,1
2021-02-25 07:00:00,2,2,3,2
2021-02-25 08:00:00,10,9,9,12
2021-02-25 09:00:00,65,44,74,56
2021-02-25 10:00:00,164,107,179,128
2021-02-25 11:00:00,266,188,299,177
2021-02-25 12:00:00,395,256,444,203
2021-02-25 13:00:00,415,272,473,202
2021-02-25 14:00:00,419,279,491,194
2021-02-25 15:00:00,414,275,481,183
2021-02-25 16:00:00,344,230,398,147
2021-02-25 17:00:00,240,154,265,83
2021-02-25 18:00:00,72,49,80,27
2021-02-25 19:00:00,15,13,15,10
2021-02-25 20:00:00,6,9,9,9
2021-02-25 21:00:00,6,9,8,9
2021-02-25 22:00:00,6,9,8,9
2021-02-25 23:00:00,6,9,8,9
2021-02-26 00:00:00,1,1,2,1
2021-02-26 01:00:00,1,1,2,1
2021-02-26 02:00:00,1,1,2,1
2021-02-26 03:00:00,1,1,2,1
2021-02-26 04:00:00,1,1,2,1
2021-02-26 05:00:00,1,1,2,1
2021-02-26 06:00:00,1,1,2,1
2021-02-26 07:00:00,2,2,2,2
2021-02-26 08:00:00,12,10,10,11
2021-02-26 09:00:00,92,59,105,57
2021-02-26 10:00:00,223,144,251,125
2021-02-26 11:00:00,345,220,372,168
2021-02-26 12:00:00,454,283,486,200
2021-02-26 13:00:00,488,304,531,200
2021-02-26 14:00:00,482,305,535,191
2021-02-26 15:00:00,449,288,507,181
2021-02-26 16:00:00,359,240,408,143
2021-02-26 17:00:00,243,152,266,84
2021-02-26 18:00:00,80,51,86,27
2021-02-26 19:00:00,16,14,15,10
2021-02-26 20:00:00,7,10,8,8
2021-02-26 21:00:00,7,10,8,8
2021-02-26 22:00:00,7,10,8,8
2021-02-26 23:00:00,7,10,8,8
2021-02-27 00:00:00,2,1,2,1
2021-02-27 01:00:00,2,1,2,1
2021-02-27 02:00:00,2,1,2,1
2021-02-27 03:00:00,2,1,2,1
2021-02-27 04:00:00,2,1,2,1
2021-02-27 05:00:00,2,1,2,1
2021-02-27 06:00:00,2,1,2,1
2021-02-27 07:00:00,2,2,2,2
2021-02-27 08:00:00,12,10,10,11
2021-02-27 09:00:00,91,59,104,58
2021-02-27 10:00:00,221,142,250,124
2021-02-27 11:00:00,347,219,375,172
2021-02-27 12:00:00,443,277,481,210
2021-02-27 13:00:00,462,291,511,205
2021-02-27 14:00:00,457,289,503,192
2021-02-27 15:00:00,423,277,472,185
2021-02-27 16:00:00,344,231,395,145
2021-02-27 17:00:00,243,153,270,83
2021-02-27 18:00:00,78,52,86,27
2021-02-27 19:00:00,16,13,15,10
2021-02-27 20:00:00,7,10,9,9
2021-02-27 21:00:00,7,10,9,9
2021-02-27 22:00:00,7,10,9,9
2021-02-27 23:00:00,7,10,9,9
2021-02-28 00:00:00,1,1,1,1
2021-02-28 01:00:00,1,1,1,1
2021-02-28 02:00:00,1,1,1,1
2021-02-28 03:00:00,1,1,1,1
2021-02-28 04:00:00,1,1,1,1
2021-02-28 05:00:00,1,1,1,1
2021-02-28 06:00:00,1,1,1,1
2021-02-28 07:00:00,2,2,2,2
2021-02-28 08:00:00,10,9,9,11
2021-02-28 09:00:00,77,55,88,58
2021-02-28 10:00:00,193,129,216,125
2021-02-28 11:00:00,317,208,342,167
2021-02-28 12:00:00,399,261,446,195
2021-02-28 13:00:00,421,281,473,189
2021-02-28 14:00:00,434,293,484,174
2021-02-28 15:00:00,414,278,470,172
2021-02-28 16:00:00,338,237,388,138
2021-02-28 17:00:00,227,149,249,81
2021-02-28 18:00:00,73,50,80,26
2021-02-28 19:00:00,16,13,15,10
2021-02-28 20:00:00,7,10,9,8
2021-02-28 21:00:00,7,10,8,8
2021-02-28 22:00:00,7,10,8,8
2021-02-28 23:00:00,7,10,8,8
2021-03-01 00:00:00,2,1,3,1
2021-06-09 01:00:00,2,1,3,2
2021-06-09 02:00:00,2,1,3,2
2021-06-09 03:00:00,2,1,3,2
2021-06-09 04:00:00,2,1,3,2
2021-06-09 05:00:00,2,1,3,2
2021-06-09 06:00:00,2,2,3,2
2021-06-09 07:00:00,15,13,12,14
2021-06-09 08:00:00,53,45,53,46
2021-06-09 09:00:00,143,116,157,106
2021-06-09 10:00:00,254,198,284,164
2021-06-09 11:00:00,343,257,376,201
2021-06-09 12:00:00,441,327,488,226
2021-06-09 13:00:00,468,341,517,232
2021-06-09 14:00:00,467,340,517,228
2021-06-09 15:00:00,441,314,471,213
2021-06-09 16:00:00,362,255,383,172
2021-06-09 17:00:00,254,179,264,112
2021-06-09 18:00:00,134,90,134,56
2021-06-09 19:00:00,48,30,45,20
2021-06-09 20:00:00,11,12,12,9
2021-06-09 21:00:00,8,10,10,8
2021-06-09 22:00:00,8,10,10,8
2021-06-09 23:00:00,8,10,10,8
2021-06-10 00:00:00,2,1,3,2
2021-06-10 01:00:00,2,1,3,2
2021-06-10 02:00:00,2,1,3,2
2021-06-10 03:00:00,2,1,3,2
2021-06-10 04:00:00,2,1,3,2
2021-06-10 05:00:00,2,1,3,2
2021-06-10 06:00:00,2,2,3,2
2021-06-10 07:00:00,15,13,12,14
2021-06-10 08:00:00,52,45,52,46
2021-06-10 09:00:00,143,114,156,105
2021-06-10 10:00:00,250,195,278,162
2021-06-10 11:00:00,334,253,367,201
2021-06-10 12:00:00,429,318,465,231
2021-06-10 13:00:00,457,335,498,238
2021-06-10 14:00:00,459,334,501,230
2021-06-10 15:00:00,440,314,472,211
2021-06-10 16:00:00,369,259,385,170
2021-06-10 17:00:00,252,177,257,110
2021-06-10 18:00:00,131,88,132,56
2021-06-10 19:00:00,47,29,44,19
2021-06-10 20:00:00,11,11,12,9
2021-06-10 21:00:00,8,11,11,8
2021-06-10 22:00:00,8,11,11,8
2021-06-10 23:00:00,8,11,11,8
2021-06-11 00:00:00,2,2,3,2
2021-06-11 01:00:00,2,2,3,2
2021-06-11 02:00:00,2,2,3,2
2021-06-11 03:00:00,2,2,3,2
2021-06-11 04:00:00,2,2,3,2
2021-06-11 05:00:00,2,2,3,2
2021-06-11 06:00:00,2,2,3,2
2021-06-11 07:00:00,16,14,13,13
2021-06-11 08:00:00,58,50,59,46
2021-06-11 09:00:00,148,119,159,103
2021-06-11 10:00:00,257,203,291,158
2021-06-11 11:00:00,348,264,384,196
2021-06-11 12:00:00,448,338,498,219
2021-06-11 13:00:00,478,356,530,224
2021-06-11 14:00:00,479,355,531,229
2021-06-11 15:00:00,452,327,495,212
2021-06-11 16:00:00,366,261,391,174
2021-06-11 17:00:00,265,181,276,113
2021-06-11 18:00:00,149,97,152,56
2021-06-11 19:00:00,57,33,57,20
2021-06-11 20:00:00,13,11,13,9
2021-06-11 21:00:00,9,10,12,9
2021-06-11 22:00:00,9,10,12,9
2021-06-11 23:00:00,9,10,12,9
2021-06-12 00:00:00,2,2,3,2
2021-06-12 01:00:00,2,2,3,2
2021-06-12 02:00:00,2,2,3,2
2021-06-12 03:00:00,2,2,3,2
2021-06-12 04:00:00,2,2,3,2
2021-06-12 05:00:00,2,2,3,2
2021-06-12 06:00:00,2,2,3,2
2021-06-12 07:00:00,16,14,14,14
2021-06-12 08:00:00,58,51,58,46
2021-06-12 09:00:00,148,118,160,103
2021-06-12 10:00:00,260,202,292,161
2021-06-12 11:00:00,347,263,382,197
2021-06-12 12:00:00,446,338,502,222
2021-06-12 13:00:00,479,353,534,231
2021-06-12 14:00:00,479,354,529,231
2021-06-12 15:00:00,448,326,497,212
2021-06-12 16:00:00,375,264,403,174
2021-06-12 17:00:00,274,184,286,113
2021-06-12 18:00:00,154,98,153,56
2021-06-12 19:00:00,57,33,56,19
2021-06-12 20:00:00,14,11,13,9
2021-06-12 21:00:00,9,10,12,9
2021-06-12 22:00:00,9,10,12,9
2021-06-12 23:00:00,9,10,12,9
2021-06-13 00:00:00,2,1,3,2
2021-06-13 01:00:00,2,1,3,2
2021-06-13 02:00:00,2,1,3,2
2021-06-13 03:00:00,2,1,3,2
2021-06-13 04:00:00,2,1,3,2
2021-06-13 05:00:00,2,1,3,2
2021-06-13 06:00:00,2,2,3,2
2021-06-13 07:00:00,16,14,13,14
2021-06-13 08:00:00,57,51,56,46
2021-06-13 09:00:00,149,119,161,103
2021-06-13 10:00:00,259,203,292,161
2021-06-13 11:00:00,347,263,384,197
2021-06-13 12:00:00,451,338,502,213
2021-06-13 13:00:00,481,356,538,218
2021-06-13 14:00:00,476,352,529,221
2021-06-13 15:00:00,449,328,500,214
2021-06-13 16:00:00,383,269,413,175
2021-06-13 17:00:00,275,188,291,114
2021-06-13 18:00:00,148,98,153,57
2021-06-13 19:00:00,56,34,55,20
2021-06-13 20:00:00,13,12,12,9
2021-06-13 21:00:00,8,10,11,9
2021-06-13 22:00:00,8,10,11,9
2021-06-13 23:00:00,8,10,11,9
2021-06-14 00:00:00,2,1,3,2
2021-06-14 01:00:00,2,1,3,2
2021-06-14 02:00:00,2,1,3,2
2021-06-14 03:00:00,2,1,3,2
2021-06-14 04:00:00,2,1,3,2
2021-06-14 05:00:00,2,1,3,2
2021-06-14 06:00:00,2,2,3,2
2021-06-14 07:00:00,14,13,12,13
2021-06-14 08:00:00,51,45,51,45
2021-06-14 09:00:00,138,113,153,102
2021-06-14 10:00:00,252,199,284,159
2021-06-14 11:00:00,337,254,370,194
2021-06-14 12:00:00,448,334,500,207
2021-06-14 13:00:00,481,355,540,206
2021-06-14 14:00:00,480,351,531,206
2021-06-14 15:00:00,461,333,514,198
2021-06-14 16:00:00,383,270,415,167
2021-06-14 17:00:00,275,189,293,108
2021-06-14 18:00:00,153,99,155,55
2021-06-14 19:00:00,60,35,59,20
2021-06-14 20:00:00,13,12,12,9
2021-06-14 21:00:00,8,10,10,9
2021-06-14 22:00:00,8,10,10,9
2021-06-14 23:00:00,8,10,10,9
2021-06-15 00:00:00,2,1,3,1
2021-06-15 01:00:00,2,1,3,1
2021-06-15 02:00:00,2,1,3,1
2021-06-15 03:00:00,2,1,3,1
2021-06-15 04:00:00,2,1,3,1
2021-06-15 05:00:00,2,1,3,1
2021-06-15 06:00:00,2,2,3,2
2021-06-15 07:00:00,16,14,13,13
2021-06-15 08:00:00,56,49,56,47
2021-06-15 09:00:00,142,116,158,104
2021-06-15 10:00:00,257,202,288,160
2021-06-15 11:00:00,349,262,385,196
2021-06-15 12:00:00,461,341,515,216
2021-06-15 13:00:00,499,364,563,217
2021-06-15 14:00:00,495,363,561,221
2021-06-15 15:00:00,471,336,527,210
2021-06-15 16:00:00,387,272,424,174
2021-06-15 17:00:00,280,192,300,110
2021-06-15 18:00:00,156,103,162,57
2021-06-15 19:00:00,61,35,61,20
2021-06-15 20:00:00,13,12,12,9
2021-06-15 21:00:00,8,10,10,9
2021-06-15 22:00:00,8,10,10,9
2021-06-15 23:00:00,8,10,10,9
2021-06-16 00:00:00,2,1,3,1
2021-06-16 01:00:00,2,1,3,1
2021-06-16 02:00:00,2,1,3,1
2021-06-16 03:00:00,2,1,3,1
2021-06-16 04:00:00,2,1,3,1
2021-06-16 05:00:00,2,1,3,1
2021-06-16 06:00:00,2,2,3,2
2021-06-16 07:00:00,15,14,12,14
2021-06-16 08:00:00,56,49,56,48
2021-06-16 09:00:00,143,116,159,107
2021-06-16 10:00:00,261,204,292,164
2021-06-16 11:00:00,356,265,390,201
2021-06-16 12:00:00,465,343,520,223
2021-06-16 13:00:00,504,366,569,232
2021-06-16 14:00:00,503,365,567,233
2021-06-16 15:00:00,473,337,531,214
2021-06-16 16:00:00,390,274,427,175
2021-06-16 17:00:00,283,193,302,112
2021-06-16 18:00:00,161,103,167,58
2021-06-16 19:00:00,61,35,61,20
2021-06-16 20:00:00,13,12,11,9
2021-06-16 21:00:00,9,11,10,9
2021-06-16 22:00:00,9,11,10,9
2021-06-16 23:00:00,9,11,10,9
2021-06-17 00:00:00,2,1,3,2
2021-06-17 01:00:00,2,1,3,2
2021-06-17 02:00:00,2,1,3,2
2021-06-17 03:00:00,2,1,3,2
2021-06-17 04:00:00,2,1,3,2
2021-06-17 05:00:00,2,1,3,2
2021-06-17 06:00:00,2,2,3,2
2021-06-17 07:00:00,15,15,14,15
2021-06-17 08:00:00,58,50,58,49
2021-06-17 09:00:00,142,115,157,109
2021-06-17 10:00:00,253,198,283,167
2021-06-17 11:00:00,348,261,382,203
2021-06-17 12:00:00,449,333,500,228
2021-06-17 13:00:00,488,354,543,231
2021-06-17 14:00:00,486,353,537,230
2021-06-17 15:00:00,452,322,496,216
2021-06-17 16:00:00,376,268,406,174
2021-06-17 17:00:00,276,191,293,110
2021-06-17 18:00:00,157,102,165,57
2021-06-17 19:00:00,59,35,60,20
2021-06-17 20:00:00,12,12,11,9
2021-06-17 21:00:00,8,10,10,9
2021-06-17 22:00:00,8,10,10,9
2021-06-17 23:00:00,8,10,10,9
2021-06-18 00:00:00,2,1,3,1
2021-06-18 01:00:00,2,1,3,1
2021-06-18 02:00:00,2,1,3,1
2021-06-18 03:00:00,2,1,3,1
2021-06-18 04:00:00,2,1,3,1
2021-06-18 05:00:00,2,1,3,1
2021-06-18 06:00:00,2,2,3,2
2021-06-18 07:00:00,15,14,13,14
2021-06-18 08:00:00,52,47,56,46
2021-06-18 09:00:00,132,112,152,101
2021-06-18 10:00:00,234,195,277,156
2021-06-18 11:00:00,312,253,365,190
2021-06-18 12:00:00,375,304,443,205
2021-06-18 13:00:00,395,322,482,206
2021-06-18 14:00:00,402,328,491,218
2021-06-18 15:00:00,407,317,482,211
2021-06-18 16:00:00,367,272,418,172
2021-06-18 17:00:00,272,192,297,110
2021-06-18 18:00:00,153,101,161,55
2021-06-18 19:00:00,56,34,57,19
2021-06-18 20:00:00,11,12,12,9
2021-06-18 21:00:00,7,10,10,9
2021-06-18 22:00:00,7,10,10,9
2021-06-18 23:00:00,7,10,10,9
2021-06-19 00:00:00,2,1,3,2
2021-06-19 01:00:00,2,1,3,2
2021-06-19 02:00:00,2,1,3,2
2021-06-19 03:00:00,2,1,3,2
2021-06-19 04:00:00,2,1,3,2
2021-06-19 05:00:00,2,1,3,2
2021-06-19 06:00:00,2,2,3,2
2021-06-19 07:00:00,13,12,12,14
2021-06-19 08:00:00,48,44,51,47
2021-06-19 09:00:00,132,112,151,102
2021-06-19 10:00:00,231,195,275,162
2021-06-19 11:00:00,294,251,363,200
2021-06-19 12:00:00,351,312,453,222
2021-06-19 13:00:00,362,330,486,228
2021-06-19 14:00:00,369,332,496,230
2021-06-19 15:00:00,385,317,488,219
2021-06-19 16:00:00,355,272,420,177
2021-06-19 17:00:00,268,195,301,113
2021-06-19 18:00:00,149,103,161,56
2021-06-19 19:00:00,55,35,58,19
2021-06-19 20:00:00,11,12,12,9
2021-06-19 21:00:00,7,10,10,9
2021-06-19 22:00:00,7,10,10,9
2021-06-19 23:00:00,7,10,10,9
2021-06-20 00:00:00,2,1,3,1
2021-06-20 01:00:00,2,1,3,1
2021-06-20 02:00:00,2,1,3,1
2021-06-20 03:00:00,2,1,3,1
2021-06-20 04:00:00,2,1,3,1
2021-06-20 05:00:00,2,1,3,1
2021-06-20 06:00:00,2,2,3,2
2021-06-20 07:00:00,14,15,13,16
2021-06-20 08:00:00,46,46,51,50
2021-06-20 09:00:00,127,114,153,109
2021-06-20 10:00:00,224,198,279,170
2021-06-20 11:00:00,302,258,378,209
2021-06-20 12:00:00,384,334,499,250
2021-06-20 13:00:00,396,361,548,260
2021-06-20 14:00:00,408,365,555,254
2021-06-20 15:00:00,407,342,534,229
2021-06-20 16:00:00,362,280,435,180
2021-06-20 17:00:00,275,198,309,115
2021-06-20 18:00:00,152,103,166,57
2021-06-20 19:00:00,55,35,59,20
2021-06-20 20:00:00,12,12,12,9
2021-06-20 21:00:00,8,10,11,9
2021-06-20 22:00:00,8,10,11,9
2021-06-20 23:00:00,8,10,11,9
2021-06-21 00:00:00,2,1,3,2
2021-06-21 01:00:00,2,1,3,2
2021-06-21 02:00:00,2,1,3,2
2021-06-21 03:00:00,2,1,3,2
2021-06-21 04:00:00,2,1,3,2
2021-06-21 05:00:00,2,1,3,2
2021-06-21 06:00:00,2,2,3,2
2021-06-21 07:00:00,12,13,10,15
2021-06-21 08:00:00,43,45,49,48
2021-06-21 09:00:00,126,116,154,109
2021-06-21 10:00:00,223,199,280,170
2021-06-21 11:00:00,301,264,382,209
2021-06-21 12:00:00,394,348,522,248
2021-06-21 13:00:00,415,369,566,259
2021-06-21 14:00:00,419,369,565,255
2021-06-21 15:00:00,417,344,543,232
2021-06-21 16:00:00,368,280,437,186
2021-06-21 17:00:00,275,197,311,118
2021-06-21 18:00:00,151,102,165,57
2021-06-21 19:00:00,57,35,60,20
2021-06-21 20:00:00,12,12,11,9
2021-06-21 21:00:00,8,10,10,9
2021-06-21 22:00:00,8,10,10,9
2021-06-21 23:00:00,8,10,10,9
2021-06-22 00:00:00,2,1,3,2
2021-06-22 01:00:00,2,1,3,2
2021-06-22 02:00:00,2,1,3,2
2021-06-22 03:00:00,2,1,3,2
2021-06-22 04:00:00,2,1,3,2
2021-06-22 05:00:00,2,1,3,2
2021-06-22 06:00:00,2,2,3,2
2021-06-22 07:00:00,13,13,11,15
2021-06-22 08:00:00,46,47,50,49
2021-06-22 09:00:00,131,120,158,109
2021-06-22 10:00:00,234,206,292,170
2021-06-22 11:00:00,317,269,397,209
2021-06-22 12:00:00,400,348,520,242
2021-06-22 13:00:00,422,368,563,253
2021-06-22 14:00:00,423,367,559,250
2021-06-22 15:00:00,419,343,541,231
2021-06-22 16:00:00,368,279,436,188
2021-06-22 17:00:00,273,196,309,120
2021-06-22 18:00:00,149,100,161,61
2021-06-22 19:00:00,56,35,59,20
2021-06-22 20:00:00,12,11,12,9
2021-06-22 21:00:00,8,10,10,9
2021-06-22 22:00:00,8,10,10,9
2021-06-22 23:00:00,8,10,10,9
2021-06-23 00:00:00,2,1,3,1
2021-06-23 01:00:00,2,1,3,1
2021-06-23 02:00:00,2,1,3,1
2021-06-23 03:00:00,2,1,3,1
2021-06-23 04:00:00,2,1,3,1
2021-06-23 05:00:00,2,1,3,1
2021-06-23 06:00:00,2,2,3,2
2021-06-23 07:00:00,12,12,9,14
2021-06-23 08:00:00,44,46,48,46
2021-06-23 09:00:00,133,120,158,106
2021-06-23 10:00:00,236,206,292,162
2021-06-23 11:00:00,319,271,397,206
2021-06-23 12:00:00,401,342,514,236
2021-06-23 13:00:00,418,358,545,238
2021-06-23 14:00:00,417,356,540,239
2021-06-23 15:00:00,419,337,526,225
2021-06-23 16:00:00,374,275,430,184
2021-06-23 17:00:00,274,195,303,119
2021-06-23 18:00:00,149,98,156,61
2021-06-23 19:00:00,54,34,56,20
2021-06-23 20:00:00,12,11,11,9
2021-06-23 21:00:00,8,10,10,9
2021-06-23 22:00:00,8,10,10,9
2021-06-23 23:00:00,8,10,10,9
2021-06-24 00:00:00,2,1,3,1
2021-06-24 01:00:00,2,1,3,1
2021-06-24 02:00:00,2,1,3,1
2021-06-24 03:00:00,2,1,3,1
2021-06-24 04:00:00,2,1,3,1
2021-06-24 05:00:00,2,1,3,1
2021-06-24 06:00:00,2,2,3,2
2021-06-24 07:00:00,13,13,10,15
2021-06-24 08:00:00,46,46,49,49
2021-06-24 09:00:00,137,120,157,108
2021-06-24 10:00:00,242,206,291,167
2021-06-24 11:00:00,326,269,395,210
2021-06-24 12:00:00,433,345,518,248
2021-06-24 13:00:00,469,364,557,254
2021-06-24 14:00:00,475,365,559,252
2021-06-24 15:00:00,459,342,540,227
2021-06-24 16:00:00,388,278,435,182
2021-06-24 17:00:00,282,199,307,118
2021-06-24 18:00:00,155,101,160,60
2021-06-24 19:00:00,56,34,57,20
2021-06-24 20:00:00,12,11,12,9
2021-06-24 21:00:00,8,10,10,9
2021-06-24 22:00:00,8,10,10,9
2021-06-24 23:00:00,8,10,10,9
2021-06-25 00:00:00,2,1,2,1
2021-06-25 01:00:00,2,1,2,1
2021-06-25 02:00:00,2,1,2,1
2021-06-25 03:00:00,2,1,2,1
2021-06-25 04:00:00,2,1,2,1
2021-06-25 05:00:00,2,1,2,1
2021-06-25 06:00:00,2,2,2,2
2021-06-25 07:00:00,12,12,10,13
2021-06-25 08:00:00,44,42,47,45
2021-06-25 09:00:00,122,102,137,100
2021-06-25 10:00:00,217,173,250,147
2021-06-25 11:00:00,284,222,325,173
2021-06-25 12:00:00,349,267,407,190
2021-06-25 13:00:00,354,276,411,190
2021-06-25 14:00:00,357,277,418,181
2021-06-25 15:00:00,358,271,412,168
2021-06-25 16:00:00,328,235,357,144
2021-06-25 17:00:00,254,172,266,100
2021-06-25 18:00:00,142,92,145,51
2021-06-25 19:00:00,54,32,53,18
2021-06-25 20:00:00,12,12,11,8
2021-06-25 21:00:00,8,11,10,8
2021-06-25 22:00:00,8,11,10,8
2021-06-25 23:00:00,8,11,10,8
2021-06-26 00:00:00,1,2,2,1
2021-06-26 01:00:00,NA,2,2,1
2021-06-26 02:00:00,NA,2,2,1
2021-06-26 03:00:00,NA,2,2,1
2021-06-26 04:00:00,NA,2,2,1
2021-06-26 05:00:00,NA,2,2,1
2021-06-26 06:00:00,NA,2,2,1
2021-06-26 07:00:00,NA,11,9,11
2021-06-26 08:00:00,NA,38,44,43
2021-06-26 09:00:00,NA,96,131,91
2021-06-26 10:00:00,NA,160,231,130
2021-06-26 11:00:00,NA,212,314,159
2021-06-26 12:00:00,NA,262,399,168
2021-06-26 13:00:00,NA,265,407,172
2021-06-26 14:00:00,NA,271,417,168
2021-06-26 15:00:00,NA,264,405,168
2021-06-26 16:00:00,NA,231,356,144
2021-06-26 17:00:00,NA,167,258,98
2021-06-26 18:00:00,NA,88,136,49
2021-06-26 19:00:00,NA,32,49,17
2021-06-26 20:00:00,NA,11,10,7
2021-06-26 21:00:00,NA,11,9,7
2021-06-26 22:00:00,NA,11,9,7
2021-06-26 23:00:00,NA,11,9,7
2021-06-27 00:00:00,NA,2,2,1
2021-06-27 01:00:00,2,2,2,1
2021-06-27 02:00:00,2,2,2,1
2021-06-27 03:00:00,2,2,2,1
2021-06-27 04:00:00,2,2,2,1
2021-06-27 05:00:00,2,2,2,1
2021-06-27 06:00:00,2,2,2,1
2021-06-27 07:00:00,12,10,9,10
2021-06-27 08:00:00,45,39,47,38
2021-06-27 09:00:00,117,97,134,87
2021-06-27 10:00:00,208,163,237,125
2021-06-27 11:00:00,289,216,322,152
2021-06-27 12:00:00,380,278,425,157
2021-06-27 13:00:00,392,287,438,156
2021-06-27 14:00:00,399,295,447,157
2021-06-27 15:00:00,397,284,438,162
2021-06-27 16:00:00,338,240,372,147
2021-06-27 17:00:00,257,174,273,97
2021-06-27 18:00:00,144,94,148,49
2021-06-27 19:00:00,58,35,58,17
2021-06-27 20:00:00,13,12,12,8
2021-06-27 21:00:00,8,11,10,8
2021-06-27 22:00:00,8,11,10,8
2021-06-27 23:00:00,8,11,10,8
2021-06-28 00:00:00,2,2,2,1
2021-06-28 01:00:00,2,2,2,1
2021-06-28 02:00:00,2,2,2,1
2021-06-28 03:00:00,2,2,2,1
2021-06-28 04:00:00,2,2,2,1
2021-06-28 05:00:00,2,2,2,1
2021-06-28 06:00:00,2,2,2,1
2021-06-28 07:00:00,13,11,10,10
2021-06-28 08:00:00,47,39,49,37
2021-06-28 09:00:00,119,99,137,87
2021-06-28 10:00:00,208,165,238,127
2021-06-28 11:00:00,287,216,318,151
2021-06-28 12:00:00,361,266,406,162
2021-06-28 13:00:00,368,270,406,165
2021-06-28 14:00:00,382,281,428,164
2021-06-28 15:00:00,372,273,412,164
2021-06-28 16:00:00,326,237,360,146
2021-06-28 17:00:00,247,166,262,97
2021-06-28 18:00:00,136,90,140,49
2021-06-28 19:00:00,54,33,54,17
2021-06-28 20:00:00,12,12,10,8
2021-06-28 21:00:00,8,11,9,8
2021-06-28 22:00:00,8,11,9,8
2021-06-28 23:00:00,8,11,9,8
2021-06-29 00:00:00,2,2,2,1
2021-06-29 01:00:00,2,2,2,1
2021-06-29 02:00:00,2,2,2,1
2021-06-29 03:00:00,2,2,2,1
2021-06-29 04:00:00,2,2,2,1
2021-06-29 05:00:00,2,2,2,1
2021-06-29 06:00:00,2,2,2,1
2021-06-29 07:00:00,13,11,10,11
2021-06-29 08:00:00,46,38,47,39
2021-06-29 09:00:00,119,99,137,90
2021-06-29 10:00:00,207,162,238,129
2021-06-29 11:00:00,279,206,310,150
2021-06-29 12:00:00,343,249,388,153
2021-06-29 13:00:00,346,251,392,157
2021-06-29 14:00:00,355,254,400,157
2021-06-29 15:00:00,353,256,392,161
2021-06-29 16:00:00,315,225,346,143
2021-06-29 17:00:00,247,165,259,94
2021-06-29 18:00:00,136,90,142,47
2021-06-29 19:00:00,54,33,52,16
2021-06-29 20:00:00,12,11,10,8
2021-06-29 21:00:00,8,11,9,8
2021-06-29 22:00:00,8,11,9,8
2021-06-29 23:00:00,8,11,9,8
2021-06-30 00:00:00,2,2,2,2
2021-06-30 01:00:00,2,2,2,2
2021-06-30 02:00:00,2,2,2,2
2021-06-30 03:00:00,2,2,2,2
2021-06-30 04:00:00,2,2,2,2
2021-06-30 05:00:00,2,2,2,2
2021-06-30 06:00:00,2,2,2,2
2021-06-30 07:00:00,13,12,12,11
2021-06-30 08:00:00,47,40,50,39
2021-06-30 09:00:00,121,100,139,88
2021-06-30 10:00:00,213,167,250,135
2021-06-30 11:00:00,286,209,316,157
2021-06-30 12:00:00,338,252,389,160
2021-06-30 13:00:00,333,247,381,159
2021-06-30 14:00:00,323,246,375,157
2021-06-30 15:00:00,325,242,369,166
2021-06-30 16:00:00,295,214,332,144
2021-06-30 17:00:00,235,159,253,97
2021-06-30 18:00:00,132,87,133,48
2021-06-30 19:00:00,51,31,48,17
2021-06-30 20:00:00,12,12,10,9
2021-06-30 21:00:00,9,11,9,8
2021-06-30 22:00:00,9,11,9,8
2021-06-30 23:00:00,9,11,9,8
2021-07-01 00:00:00,2,2,3,2
2021-07-01 01:00:00,2,2,3,2
2021-07-01 02:00:00,2,2,3,2
2021-07-01 03:00:00,2,2,3,2
2021-07-01 04:00:00,2,2,3,2
2021-07-01 05:00:00,2,2,3,2
2021-07-01 06:00:00,2,2,3,2
2021-07-01 07:00:00,13,11,11,11
2021-07-01 08:00:00,45,39,45,40
2021-07-01 09:00:00,115,97,131,100
2021-07-01 10:00:00,209,167,239,146
2021-07-01 11:00:00,266,212,303,182
2021-07-01 12:00:00,324,249,370,189
2021-07-01 13:00:00,318,251,376,193
2021-07-01 14:00:00,321,254,378,185
2021-07-01 15:00:00,335,260,386,180
2021-07-01 16:00:00,324,227,351,155
2021-07-01 17:00:00,246,174,262,103
2021-07-01 18:00:00,143,93,147,54
2021-07-01 19:00:00,56,35,54,18
2021-07-01 20:00:00,14,15,14,8
2021-07-01 21:00:00,10,14,12,8
2021-07-01 22:00:00,10,14,12,8
2021-07-01 23:00:00,10,14,12,8
2021-07-02 00:00:00,2,2,3,1
2021-07-02 01:00:00,2,2,3,1
2021-07-02 02:00:00,2,2,3,1
2021-07-02 03:00:00,2,2,3,1
2021-07-02 04:00:00,2,2,3,1
2021-07-02 05:00:00,2,2,3,1
2021-07-02 06:00:00,2,2,3,2
2021-07-02 07:00:00,15,13,11,13
2021-07-02 08:00:00,51,44,49,49
2021-07-02 09:00:00,127,105,143,107
2021-07-02 10:00:00,225,179,263,151
2021-07-02 11:00:00,317,238,359,185
2021-07-02 12:00:00,409,306,465,207
2021-07-02 13:00:00,433,314,478,207
2021-07-02 14:00:00,442,321,488,199
2021-07-02 15:00:00,429,305,458,190
2021-07-02 16:00:00,350,250,380,156
2021-07-02 17:00:00,264,180,278,106
2021-07-02 18:00:00,146,95,150,55
2021-07-02 19:00:00,55,34,55,19
2021-07-02 20:00:00,14,13,13,7
2021-07-02 21:00:00,9,11,11,7
2021-07-02 22:00:00,9,11,11,7
2021-07-02 23:00:00,9,11,11,7
2021-07-03 00:00:00,2,2,3,1
2021-07-03 01:00:00,2,2,3,1
2021-07-03 02:00:00,2,2,3,1
2021-07-03 03:00:00,2,2,3,1
2021-07-03 04:00:00,2,2,3,1
2021-07-03 05:00:00,2,2,3,1
2021-07-03 06:00:00,2,2,3,2
2021-07-03 07:00:00,18,15,14,12
2021-07-03 08:00:00,53,47,54,47
2021-07-03 09:00:00,128,107,143,101
2021-07-03 10:00:00,225,182,266,144
2021-07-03 11:00:00,331,246,371,172
2021-07-03 12:00:00,419,308,463,182
2021-07-03 13:00:00,433,312,477,178
2021-07-03 14:00:00,434,314,479,173
2021-07-03 15:00:00,424,303,452,170
2021-07-03 16:00:00,349,249,378,147
2021-07-03 17:00:00,262,180,280,99
2021-07-03 18:00:00,142,95,148,51
2021-07-03 19:00:00,53,32,51,17
2021-07-03 20:00:00,14,13,13,6
2021-07-03 21:00:00,9,12,11,6
2021-07-03 22:00:00,9,12,11,6
2021-07-03 23:00:00,9,12,11,6
2021-07-04 00:00:00,2,2,3,1
2021-07-04 01:00:00,2,2,3,1
2021-07-04 02:00:00,2,2,3,1
2021-07-04 03:00:00,2,2,3,1
2021-07-04 04:00:00,2,2,3,1
2021-07-04 05:00:00,2,2,3,1
2021-07-04 06:00:00,2,2,3,1
2021-07-04 07:00:00,15,14,12,12
2021-07-04 08:00:00,51,45,52,47
2021-07-04 09:00:00,128,107,145,105
2021-07-04 10:00:00,225,183,267,153
2021-07-04 11:00:00,333,248,371,183
2021-07-04 12:00:00,436,322,488,202
2021-07-04 13:00:00,467,340,518,203
2021-07-04 14:00:00,470,340,521,190
2021-07-04 15:00:00,443,321,477,178
2021-07-04 16:00:00,374,265,407,152
2021-07-04 17:00:00,275,185,288,101
2021-07-04 18:00:00,152,96,157,53
2021-07-04 19:00:00,55,34,56,18
2021-07-04 20:00:00,14,13,14,6
2021-07-04 21:00:00,9,12,11,6
2021-07-04 22:00:00,9,12,11,6
2021-07-04 23:00:00,9,12,11,6
2021-07-05 00:00:00,2,2,3,1
2021-07-05 01:00:00,2,2,3,1
2021-07-05 02:00:00,2,2,3,1
2021-07-05 03:00:00,2,2,3,1
2021-07-05 04:00:00,2,2,3,1
2021-07-05 05:00:00,2,2,3,1
2021-07-05 06:00:00,2,2,3,1
2021-07-05 07:00:00,14,12,12,12
2021-07-05 08:00:00,48,42,49,44
2021-07-05 09:00:00,130,108,146,97
2021-07-05 10:00:00,224,180,263,149
2021-07-05 11:00:00,325,246,360,176
2021-07-05 12:00:00,431,318,480,192
2021-07-05 13:00:00,464,336,514,196
2021-07-05 14:00:00,471,339,521,192
2021-07-05 15:00:00,448,321,483,184
2021-07-05 16:00:00,375,264,408,156
2021-07-05 17:00:00,283,186,297,103
2021-07-05 18:00:00,158,100,161,54
2021-07-05 19:00:00,61,36,62,19
2021-07-05 20:00:00,15,14,14,7
2021-07-05 21:00:00,9,12,11,6
2021-07-05 22:00:00,9,12,11,6
2021-07-05 23:00:00,9,12,11,6
2021-07-06 00:00:00,2,2,3,1
2021-07-06 01:00:00,2,2,3,1
2021-07-06 02:00:00,2,2,3,1
2021-07-06 03:00:00,2,2,3,1
2021-07-06 04:00:00,2,2,3,1
2021-07-06 05:00:00,2,2,3,1
2021-07-06 06:00:00,2,2,3,2
2021-07-06 07:00:00,15,13,12,12
2021-07-06 08:00:00,49,43,49,42
2021-07-06 09:00:00,129,108,145,91
2021-07-06 10:00:00,224,180,261,140
2021-07-06 11:00:00,321,244,350,169
2021-07-06 12:00:00,427,315,441,184
2021-07-06 13:00:00,459,333,467,189
2021-07-06 14:00:00,460,335,459,184
2021-07-06 15:00:00,436,316,441,174
2021-07-06 16:00:00,368,263,382,146
2021-07-06 17:00:00,274,185,276,98
2021-07-06 18:00:00,151,99,148,52
2021-07-06 19:00:00,58,34,56,18
2021-07-06 20:00:00,14,13,12,7
2021-07-06 21:00:00,9,11,11,6
2021-07-06 22:00:00,9,11,11,6
2021-07-06 23:00:00,9,11,11,6
2021-07-07 00:00:00,2,2,3,1
2021-07-07 01:00:00,2,2,3,1
2021-07-07 02:00:00,2,2,3,1
2021-07-07 03:00:00,2,2,3,1
2021-07-07 04:00:00,2,2,3,1
2021-07-07 05:00:00,2,2,3,1
2021-07-07 06:00:00,2,2,3,1
2021-07-07 07:00:00,15,13,13,12
2021-07-07 08:00:00,47,42,47,42
2021-07-07 09:00:00,130,109,144,94
2021-07-07 10:00:00,220,182,259,147
2021-07-07 11:00:00,315,247,351,172
2021-07-07 12:00:00,405,311,442,200
2021-07-07 13:00:00,419,319,451,202
2021-07-07 14:00:00,420,327,461,194
2021-07-07 15:00:00,407,311,438,180
2021-07-07 16:00:00,351,261,377,148
2021-07-07 17:00:00,258,183,266,101
2021-07-07 18:00:00,140,98,145,55
2021-07-07 19:00:00,54,34,56,19
2021-07-07 20:00:00,13,13,12,7
2021-07-07 21:00:00,8,11,11,7
2021-07-07 22:00:00,8,11,11,7
2021-07-07 23:00:00,8,11,11,7
2021-07-08 00:00:00,2,1,3,1
2021-07-08 01:00:00,2,1,3,1
2021-07-08 02:00:00,2,1,3,1
2021-07-08 03:00:00,2,1,3,1
2021-07-08 04:00:00,2,1,3,1
2021-07-08 05:00:00,2,1,3,1
2021-07-08 06:00:00,2,2,3,2
2021-07-08 07:00:00,15,14,13,14
2021-07-08 08:00:00,52,46,51,45
2021-07-08 09:00:00,133,111,148,95
2021-07-08 10:00:00,230,185,267,142
2021-07-08 11:00:00,324,250,366,167
2021-07-08 12:00:00,419,317,469,179
2021-07-08 13:00:00,446,332,500,170
2021-07-08 14:00:00,450,336,506,170
2021-07-08 15:00:00,428,315,469,164
2021-07-08 16:00:00,357,260,389,141
2021-07-08 17:00:00,271,183,286,99
2021-07-08 18:00:00,145,96,149,53
2021-07-08 19:00:00,53,33,55,17
2021-07-08 20:00:00,13,12,12,7
2021-07-08 21:00:00,8,11,11,7
2021-07-08 22:00:00,8,11,11,7
2021-07-08 23:00:00,8,11,11,7
2021-07-09 00:00:00,2,1,3,1
