time,dangjin_floating,dangjin_warehouse,dangjin,ulsan
2021-02-01 01:00:00,0,0,0,0
2021-02-01 02:00:00,0,0,0,0
2021-02-01 03:00:00,0,0,0,0
2021-02-01 04:00:00,0,0,0,0
2021-02-01 05:00:00,0,0,0,0
2021-02-01 06:00:00,0,0,0,0
2021-02-01 07:00:00,0,0,0,0
2021-02-01 08:00:00,0,0,0,1
2021-02-01 09:00:00,34,23,46,55
2021-02-01 10:00:00,150,101,183,166
2021-02-01 11:00:00,249,177,290,256
2021-02-01 12:00:00,306,245,352,311
2021-02-01 13:00:00,287,226,306,332
2021-02-01 14:00:00,309,242,339,320
2021-02-01 15:00:00,196,161,210,275
2021-02-01 16:00:00,146,129,171,205
2021-02-01 17:00:00,100,83,114,84
2021-02-01 18:00:00,18,13,8,6
2021-02-01 19:00:00,0,0,0,0
2021-02-01 20:00:00,0,0,0,0
2021-02-01 21:00:00,0,0,0,0
2021-02-01 22:00:00,0,0,0,0
2021-02-01 23:00:00,0,0,0,0
2021-02-01 24:00:00,0,0,0,0
2021-02-02 01:00:00,0,0,0,0
2021-02-02 02:00:00,0,0,0,0
2021-02-02 03:00:00,0,0,0,0
2021-02-02 04:00:00,0,0,0,0
2021-02-02 05:00:00,0,0,0,0
2021-02-02 06:00:00,0,0,0,0
2021-02-02 07:00:00,0,0,0,0
2021-02-02 08:00:00,0,0,0,1
2021-02-02 09:00:00,30,19,23,54
2021-02-02 10:00:00,116,87,123,163
2021-02-02 11:00:00,177,149,210,246
2021-02-02 12:00:00,266,196,269,293
2021-02-02 13:00:00,270,232,308,313
2021-02-02 14:00:00,297,230,322,298
2021-02-02 15:00:00,236,206,287,249
2021-02-02 16:00:00,326,268,401,204
2021-02-02 17:00:00,125,89,130,85
2021-02-02 18:00:00,16,9,6,8
2021-02-02 19:00:00,0,0,0,0
2021-02-02 20:00:00,0,0,0,0
2021-02-02 21:00:00,0,0,0,0
2021-02-02 22:00:00,0,0,0,0
2021-02-02 23:00:00,0,0,0,0
2021-02-02 24:00:00,0,0,0,0
2021-02-03 01:00:00,0,0,0,0
2021-02-03 02:00:00,0,0,0,0
2021-02-03 03:00:00,0,0,0,0
2021-02-03 04:00:00,0,0,0,0
2021-02-03 05:00:00,0,0,0,0
2021-02-03 06:00:00,0,0,0,0
2021-02-03 07:00:00,0,0,0,0
2021-02-03 08:00:00,1,0,0,1
2021-02-03 09:00:00,36,19,33,29
2021-02-03 10:00:00,79,64,86,68
2021-02-03 11:00:00,3,80,90,109
2021-02-03 12:00:00,156,100,146,156
2021-02-03 13:00:00,246,209,267,208
2021-02-03 14:00:00,272,263,318,199
2021-02-03 15:00:00,245,240,297,149
2021-02-03 16:00:00,190,187,237,110
2021-02-03 17:00:00,71,97,118,56
2021-02-03 18:00:00,7,19,8,4
2021-02-03 19:00:00,0,0,0,0
2021-02-03 20:00:00,0,0,0,0
2021-02-03 21:00:00,0,0,0,0
2021-02-03 22:00:00,0,0,0,0
2021-02-03 23:00:00,0,0,0,0
2021-02-03 24:00:00,0,0,0,0
2021-02-04 01:00:00,0,0,0,0
2021-02-04 02:00:00,0,0,0,0
2021-02-04 03:00:00,0,0,0,0
2021-02-04 04:00:00,0,0,0,0
2021-02-04 05:00:00,0,0,0,0
2021-02-04 06:00:00,0,0,0,0
2021-02-04 07:00:00,0,0,0,0
2021-02-04 08:00:00,2,0,0,1
2021-02-04 09:00:00,71,45,84,48
2021-02-04 10:00:00,237,158,276,144
2021-02-04 11:00:00,396,309,458,264
2021-02-04 12:00:00,502,411,589,310
2021-02-04 13:00:00,533,456,653,335
2021-02-04 14:00:00,508,429,637,322
2021-02-04 15:00:00,397,349,499,281
2021-02-04 16:00:00,303,258,366,210
2021-02-04 17:00:00,144,107,150,102
2021-02-04 18:00:00,16,8,9,8
2021-02-04 19:00:00,0,0,0,0
2021-02-04 20:00:00,0,0,0,0
2021-02-04 21:00:00,0,0,0,0
2021-02-04 22:00:00,0,0,0,0
2021-02-04 23:00:00,0,0,0,0
2021-02-04 24:00:00,0,0,0,0
2021-02-05 01:00:00,0,0,0,0
2021-02-05 02:00:00,0,0,0,0
2021-02-05 03:00:00,0,0,0,0
2021-02-05 04:00:00,0,0,0,0
2021-02-05 05:00:00,0,0,0,0
2021-02-05 06:00:00,0,0,0,0
2021-02-05 07:00:00,0,0,0,0
2021-02-05 08:00:00,1,0,0,2
2021-02-05 09:00:00,70,43,81,58
2021-02-05 10:00:00,254,166,275,168
2021-02-05 11:00:00,419,326,458,259
2021-02-05 12:00:00,530,422,601,310
2021-02-05 13:00:00,560,397,626,329
2021-02-05 14:00:00,545,351,667,320
2021-02-05 15:00:00,459,337,559,294
2021-02-05 16:00:00,347,306,419,228
2021-02-05 17:00:00,146,147,196,99
2021-02-05 18:00:00,28,32,24,10
2021-02-05 19:00:00,0,0,0,0
2021-02-05 20:00:00,0,0,0,0
2021-02-05 21:00:00,0,0,0,0
2021-02-05 22:00:00,0,0,0,0
2021-02-05 23:00:00,0,0,0,0
2021-02-05 24:00:00,0,0,0,0
2021-02-06 01:00:00,0,0,0,0
2021-02-06 02:00:00,0,0,0,0
2021-02-06 03:00:00,0,0,0,0
2021-02-06 04:00:00,0,0,0,0
2021-02-06 05:00:00,0,0,0,0
2021-02-06 06:00:00,0,0,0,0
2021-02-06 07:00:00,0,0,0,0
2021-02-06 08:00:00,1,0,0,2
2021-02-06 09:00:00,60,22,55,62
2021-02-06 10:00:00,172,77,188,164
2021-02-06 11:00:00,296,164,333,253
2021-02-06 12:00:00,380,219,424,303
2021-02-06 13:00:00,518,339,611,320
2021-02-06 14:00:00,416,234,444,291
2021-02-06 15:00:00,288,175,336,264
2021-02-06 16:00:00,241,145,286,168
2021-02-06 17:00:00,101,62,119,70
2021-02-06 18:00:00,17,9,10,6
2021-02-06 19:00:00,0,0,0,0
2021-02-06 20:00:00,0,0,0,0
2021-02-06 21:00:00,0,0,0,0
2021-02-06 22:00:00,0,0,0,0
2021-02-06 23:00:00,0,0,0,0
2021-02-06 24:00:00,0,0,0,0
2021-02-07 01:00:00,0,0,0,0
2021-02-07 02:00:00,0,0,0,0
2021-02-07 03:00:00,0,0,0,0
2021-02-07 04:00:00,0,0,0,0
2021-02-07 05:00:00,0,0,0,0
2021-02-07 06:00:00,0,0,0,0
2021-02-07 07:00:00,0,0,0,0
2021-02-07 08:00:00,0,0,0,0
2021-02-07 09:00:00,13,7,7,16
2021-02-07 10:00:00,136,83,162,105
2021-02-07 11:00:00,354,219,396,228
2021-02-07 12:00:00,485,308,552,275
2021-02-07 13:00:00,435,295,502,277
2021-02-07 14:00:00,387,280,483,230
2021-02-07 15:00:00,334,255,432,161
2021-02-07 16:00:00,256,208,338,106
2021-02-07 17:00:00,170,129,225,45
2021-02-07 18:00:00,29,34,31,8
2021-02-07 19:00:00,0,0,0,0
2021-02-07 20:00:00,0,0,0,0
2021-02-07 21:00:00,0,0,0,0
2021-02-07 22:00:00,0,0,0,0
2021-02-07 23:00:00,0,0,0,0
2021-02-07 24:00:00,0,0,0,0
2021-02-08 01:00:00,0,0,0,0
2021-02-08 02:00:00,0,0,0,0
2021-02-08 03:00:00,0,0,0,0
2021-02-08 04:00:00,0,0,0,0
2021-02-08 05:00:00,0,0,0,0
2021-02-08 06:00:00,0,0,0,0
2021-02-08 07:00:00,0,0,0,0
2021-02-08 08:00:00,0,0,0,1
2021-02-08 09:00:00,38,26,43,38
2021-02-08 10:00:00,187,110,208,133
2021-02-08 11:00:00,352,220,369,226
2021-02-08 12:00:00,489,319,546,305
2021-02-08 13:00:00,579,364,667,328
2021-02-08 14:00:00,568,329,696,321
2021-02-08 15:00:00,481,272,562,280
2021-02-08 16:00:00,387,264,515,215
2021-02-08 17:00:00,193,124,246,96
2021-02-08 18:00:00,26,19,19,11
2021-02-08 19:00:00,0,0,0,0
2021-02-08 20:00:00,0,0,0,0
2021-02-08 21:00:00,0,0,0,0
2021-02-08 22:00:00,0,0,0,0
2021-02-08 23:00:00,0,0,0,0
2021-02-08 24:00:00,0,0,0,0
2021-02-09 01:00:00,0,0,0,0
2021-02-09 02:00:00,0,0,0,0
2021-02-09 03:00:00,0,0,0,0
2021-02-09 04:00:00,0,0,0,0
2021-02-09 05:00:00,0,0,0,0
2021-02-09 06:00:00,0,0,0,0
2021-02-09 07:00:00,0,0,0,0
2021-02-09 08:00:00,1,0,0,1
2021-02-09 09:00:00,83,39,103,37
2021-02-09 10:00:00,274,142,307,133
2021-02-09 11:00:00,410,257,454,251
2021-02-09 12:00:00,531,316,585,310
2021-02-09 13:00:00,588,310,665,315
2021-02-09 14:00:00,559,313,673,330
2021-02-09 15:00:00,472,293,565,288
2021-02-09 16:00:00,341,214,415,214
2021-02-09 17:00:00,192,130,243,101
2021-02-09 18:00:00,40,32,35,14
2021-02-09 19:00:00,0,0,0,0
2021-02-09 20:00:00,0,0,0,0
2021-02-09 21:00:00,0,0,0,0
2021-02-09 22:00:00,0,0,0,0
2021-02-09 23:00:00,0,0,0,0
2021-02-09 24:00:00,0,0,0,0
2021-02-10 01:00:00,0,0,0,0
2021-02-10 02:00:00,0,0,0,0
2021-02-10 03:00:00,0,0,0,0
2021-02-10 04:00:00,0,0,0,0
2021-02-10 05:00:00,0,0,0,0
2021-02-10 06:00:00,0,0,0,0
2021-02-10 07:00:00,0,0,0,0
2021-02-10 08:00:00,1,0,0,1
2021-02-10 09:00:00,54,28,54,52
2021-02-10 10:00:00,179,93,191,149
2021-02-10 11:00:00,315,182,347,209
2021-02-10 12:00:00,396,226,423,182
2021-02-10 13:00:00,422,252,470,157
2021-02-10 14:00:00,433,261,484,173
2021-02-10 15:00:00,342,208,398,156
2021-02-10 16:00:00,292,183,353,107
2021-02-10 17:00:00,140,90,188,47
2021-02-10 18:00:00,31,21,22,7
2021-02-10 19:00:00,0,0,0,0
2021-02-10 20:00:00,0,0,0,0
2021-02-10 21:00:00,0,0,0,0
2021-02-10 22:00:00,0,0,0,0
2021-02-10 23:00:00,0,0,0,0
2021-02-10 24:00:00,0,0,0,0
2021-02-11 01:00:00,0,0,0,0
2021-02-11 02:00:00,0,0,0,0
2021-02-11 03:00:00,0,0,0,0
2021-02-11 04:00:00,0,0,0,0
2021-02-11 05:00:00,0,0,0,0
2021-02-11 06:00:00,0,0,0,0
2021-02-11 07:00:00,0,0,0,0
2021-02-11 08:00:00,1,0,0,3
2021-02-11 09:00:00,63,32,65,60
2021-02-11 10:00:00,183,102,215,167
2021-02-11 11:00:00,385,238,451,253
2021-02-11 12:00:00,549,336,617,308
2021-02-11 13:00:00,581,376,677,310
2021-02-11 14:00:00,558,379,681,302
2021-02-11 15:00:00,495,354,630,209
2021-02-11 16:00:00,385,286,509,133
2021-02-11 17:00:00,207,144,274,105
2021-02-11 18:00:00,30,26,24,12
2021-02-11 19:00:00,1,0,0,0
2021-02-11 20:00:00,0,0,0,0
2021-02-11 21:00:00,0,0,0,0
2021-02-11 22:00:00,0,0,0,0
2021-02-11 23:00:00,0,0,0,0
2021-02-11 24:00:00,0,0,0,0
2021-02-12 01:00:00,0,0,0,0
2021-02-12 02:00:00,0,0,0,0
2021-02-12 03:00:00,0,0,0,0
2021-02-12 04:00:00,0,0,0,0
2021-02-12 05:00:00,0,0,0,0
2021-02-12 06:00:00,0,0,0,0
2021-02-12 07:00:00,0,0,0,0
2021-02-12 08:00:00,0,0,0,2
2021-02-12 09:00:00,11,10,3,28
2021-02-12 10:00:00,104,75,137,79
2021-02-12 11:00:00,214,141,246,128
2021-02-12 12:00:00,273,182,289,158
2021-02-12 13:00:00,302,214,348,171
2021-02-12 14:00:00,284,214,341,174
2021-02-12 15:00:00,263,198,318,146
2021-02-12 16:00:00,209,151,255,114
2021-02-12 17:00:00,122,75,131,54
2021-02-12 18:00:00,21,10,13,6
2021-02-12 19:00:00,0,0,0,0
2021-02-12 20:00:00,0,0,0,0
2021-02-12 21:00:00,0,0,0,0
2021-02-12 22:00:00,0,0,0,0
2021-02-12 23:00:00,0,0,0,0
2021-02-12 24:00:00,0,0,0,0
2021-02-13 01:00:00,0,0,0,0
2021-02-13 02:00:00,0,0,0,0
2021-02-13 03:00:00,0,0,0,0
2021-02-13 04:00:00,0,0,0,0
2021-02-13 05:00:00,0,0,0,0
2021-02-13 06:00:00,0,0,0,0
2021-02-13 07:00:00,0,0,0,0
2021-02-13 08:00:00,1,0,0,2
2021-02-13 09:00:00,45,34,53,64
2021-02-13 10:00:00,114,83,139,154
2021-02-13 11:00:00,229,162,274,249
2021-02-13 12:00:00,321,225,372,300
2021-02-13 13:00:00,347,242,406,309
2021-02-13 14:00:00,368,250,437,320
2021-02-13 15:00:00,364,248,441,277
2021-02-13 16:00:00,314,210,370,169
2021-02-13 17:00:00,198,124,238,93
2021-02-13 18:00:00,34,30,31,17
2021-02-13 19:00:00,0,0,0,0
2021-02-13 20:00:00,0,0,0,0
2021-02-13 21:00:00,0,0,0,0
2021-02-13 22:00:00,0,0,0,0
2021-02-13 23:00:00,0,0,0,0
2021-02-13 24:00:00,0,0,0,0
2021-02-14 01:00:00,0,0,0,0
2021-02-14 02:00:00,0,0,0,0
2021-02-14 03:00:00,0,0,0,0
2021-02-14 04:00:00,0,0,0,0
2021-02-14 05:00:00,0,0,0,0
2021-02-14 06:00:00,0,0,0,0
2021-02-14 07:00:00,0,0,0,0
2021-02-14 08:00:00,1,0,0,1
2021-02-14 09:00:00,59,36,70,24
2021-02-14 10:00:00,191,102,211,95
2021-02-14 11:00:00,309,176,345,129
2021-02-14 12:00:00,434,256,495,162
2021-02-14 13:00:00,557,352,648,196
2021-02-14 14:00:00,546,364,663,260
2021-02-14 15:00:00,485,345,611,256
2021-02-14 16:00:00,386,291,519,150
2021-02-14 17:00:00,239,169,325,61
2021-02-14 18:00:00,41,27,37,10
2021-02-14 19:00:00,1,0,0,0
2021-02-14 20:00:00,0,0,0,0
2021-02-14 21:00:00,0,0,0,0
2021-02-14 22:00:00,0,0,0,0
2021-02-14 23:00:00,0,0,0,0
2021-02-14 24:00:00,0,0,0,0
2021-02-15 01:00:00,0,0,0,0
2021-02-15 02:00:00,0,0,0,0
2021-02-15 03:00:00,0,0,0,0
2021-02-15 04:00:00,0,0,0,0
2021-02-15 05:00:00,0,0,0,0
2021-02-15 06:00:00,0,0,0,0
2021-02-15 07:00:00,0,0,0,0
2021-02-15 08:00:00,2,0,0,0
2021-02-15 09:00:00,44,15,44,19
2021-02-15 10:00:00,152,57,176,73
2021-02-15 11:00:00,301,150,309,140
2021-02-15 12:00:00,154,85,170,217
2021-02-15 13:00:00,222,124,241,292
2021-02-15 14:00:00,108,67,103,226
2021-02-15 15:00:00,43,25,31,237
2021-02-15 16:00:00,36,19,23,131
2021-02-15 17:00:00,20,9,7,51
2021-02-15 18:00:00,5,1,0,9
2021-02-15 19:00:00,0,0,0,0
2021-02-15 20:00:00,0,0,0,0
2021-02-15 21:00:00,0,0,0,0
2021-02-15 22:00:00,0,0,0,0
2021-02-15 23:00:00,0,0,0,0
2021-02-15 24:00:00,0,0,0,0
2021-02-16 01:00:00,0,0,0,0
2021-02-16 02:00:00,0,0,0,0
2021-02-16 03:00:00,0,0,0,0
2021-02-16 04:00:00,0,0,0,0
2021-02-16 05:00:00,0,0,0,0
2021-02-16 06:00:00,0,0,0,0
2021-02-16 07:00:00,0,0,0,0
2021-02-16 08:00:00,0,0,0,3
2021-02-16 09:00:00,7,9,16,36
2021-02-16 10:00:00,79,40,69,109
2021-02-16 11:00:00,98,72,107,219
2021-02-16 12:00:00,201,81,209,287
2021-02-16 13:00:00,354,101,392,343
2021-02-16 14:00:00,377,177,448,246
2021-02-16 15:00:00,322,229,374,233
2021-02-16 16:00:00,251,170,279,154
2021-02-16 17:00:00,151,99,180,80
2021-02-16 18:00:00,36,19,25,18
2021-02-16 19:00:00,2,0,0,0
2021-02-16 20:00:00,0,0,0,0
2021-02-16 21:00:00,0,0,0,0
2021-02-16 22:00:00,0,0,0,0
2021-02-16 23:00:00,0,0,0,0
2021-02-16 24:00:00,0,0,0,0
2021-02-17 01:00:00,0,0,0,0
2021-02-17 02:00:00,0,0,0,0
2021-02-17 03:00:00,0,0,0,0
2021-02-17 04:00:00,0,0,0,0
2021-02-17 05:00:00,0,0,0,0
2021-02-17 06:00:00,0,0,0,0
2021-02-17 07:00:00,0,0,0,0
2021-02-17 08:00:00,1,0,0,7
2021-02-17 09:00:00,65,35,84,83
2021-02-17 10:00:00,221,122,263,202
2021-02-17 11:00:00,324,199,371,294
2021-02-17 12:00:00,408,253,465,345
2021-02-17 13:00:00,461,293,527,323
2021-02-17 14:00:00,444,307,531,300
2021-02-17 15:00:00,431,298,527,237
2021-02-17 16:00:00,313,235,408,223
2021-02-17 17:00:00,183,129,237,132
2021-02-17 18:00:00,29,28,23,19
2021-02-17 19:00:00,0,0,0,0
2021-02-17 20:00:00,0,0,0,0
2021-02-17 21:00:00,0,0,0,0
2021-02-17 22:00:00,0,0,0,0
2021-02-17 23:00:00,0,0,0,0
2021-02-17 24:00:00,0,0,0,0
2021-02-18 01:00:00,0,0,0,0
2021-02-18 02:00:00,0,0,0,0
2021-02-18 03:00:00,0,0,0,0
2021-02-18 04:00:00,0,0,0,0
2021-02-18 05:00:00,0,0,0,0
2021-02-18 06:00:00,0,0,0,0
2021-02-18 07:00:00,0,0,0,0
2021-02-18 08:00:00,5,2,0,4
2021-02-18 09:00:00,96,45,113,53
2021-02-18 10:00:00,263,131,299,133
2021-02-18 11:00:00,446,252,491,222
2021-02-18 12:00:00,543,304,583,287
2021-02-18 13:00:00,564,309,591,273
2021-02-18 14:00:00,425,230,457,236
2021-02-18 15:00:00,333,193,385,211
2021-02-18 16:00:00,251,158,323,170
2021-02-18 17:00:00,153,91,203,79
2021-02-18 18:00:00,17,21,22,12
2021-02-18 19:00:00,0,0,0,0
2021-02-18 20:00:00,0,0,0,0
2021-02-18 21:00:00,0,0,0,0
2021-02-18 22:00:00,0,0,0,0
2021-02-18 23:00:00,0,0,0,0
2021-02-18 24:00:00,0,0,0,0
2021-02-19 01:00:00,0,0,0,0
2021-02-19 02:00:00,0,0,0,0
2021-02-19 03:00:00,0,0,0,0
2021-02-19 04:00:00,0,0,0,0
2021-02-19 05:00:00,0,0,0,0
2021-02-19 06:00:00,0,0,0,0
2021-02-19 07:00:00,0,0,0,0
2021-02-19 08:00:00,2,0,0,2
2021-02-19 09:00:00,24,9,16,40
2021-02-19 10:00:00,69,32,69,92
2021-02-19 11:00:00,172,75,158,120
2021-02-19 12:00:00,151,78,160,181
2021-02-19 13:00:00,205,106,224,202
2021-02-19 14:00:00,285,161,356,214
2021-02-19 15:00:00,316,143,385,215
2021-02-19 16:00:00,334,175,403,135
2021-02-19 17:00:00,226,124,242,72
2021-02-19 18:00:00,47,21,37,11
2021-02-19 19:00:00,1,0,0,0
2021-02-19 20:00:00,0,0,0,0
2021-02-19 21:00:00,0,0,0,0
2021-02-19 22:00:00,0,0,0,0
2021-02-19 23:00:00,0,0,0,0
2021-02-19 24:00:00,0,0,0,0
2021-02-20 01:00:00,0,0,0,0
2021-02-20 02:00:00,0,0,0,0
2021-02-20 03:00:00,0,0,0,0
2021-02-20 04:00:00,0,0,0,0
2021-02-20 05:00:00,0,0,0,0
2021-02-20 06:00:00,0,0,0,0
2021-02-20 07:00:00,0,0,0,0
2021-02-20 08:00:00,3,1,0,8
2021-02-20 09:00:00,51,23,46,69
2021-02-20 10:00:00,153,78,167,183
2021-02-20 11:00:00,278,141,299,264
2021-02-20 12:00:00,466,276,544,314
2021-02-20 13:00:00,564,337,623,332
2021-02-20 14:00:00,525,301,572,326
2021-02-20 15:00:00,469,296,548,293
2021-02-20 16:00:00,367,237,443,219
2021-02-20 17:00:00,231,136,275,115
2021-02-20 18:00:00,58,34,54,25
2021-02-20 19:00:00,2,0,0,0
2021-02-20 20:00:00,0,0,0,0
2021-02-20 21:00:00,0,0,0,0
2021-02-20 22:00:00,0,0,0,0
2021-02-20 23:00:00,0,0,0,0
2021-02-20 24:00:00,0,0,0,0
2021-02-21 01:00:00,0,0,0,0
2021-02-21 02:00:00,0,0,0,0
2021-02-21 03:00:00,0,0,0,0
2021-02-21 04:00:00,0,0,0,0
2021-02-21 05:00:00,0,0,0,0
2021-02-21 06:00:00,0,0,0,0
2021-02-21 07:00:00,0,0,0,0
2021-02-21 08:00:00,4,2,4,7
2021-02-21 09:00:00,79,48,93,69
2021-02-21 10:00:00,226,144,242,171
2021-02-21 11:00:00,272,192,311,242
2021-02-21 12:00:00,375,236,418,293
2021-02-21 13:00:00,525,319,581,326
2021-02-21 14:00:00,471,314,552,289
2021-02-21 15:00:00,366,260,444,214
2021-02-21 16:00:00,267,207,351,200
2021-02-21 17:00:00,174,131,221,109
2021-02-21 18:00:00,47,31,40,20
2021-02-21 19:00:00,2,0,0,0
2021-02-21 20:00:00,0,0,0,0
2021-02-21 21:00:00,0,0,0,0
2021-02-21 22:00:00,0,0,0,0
2021-02-21 23:00:00,0,0,0,0
2021-02-21 24:00:00,0,0,0,0
2021-02-22 01:00:00,0,0,0,0
2021-02-22 02:00:00,0,0,0,0
2021-02-22 03:00:00,0,0,0,0
2021-02-22 04:00:00,0,0,0,0
2021-02-22 05:00:00,0,0,0,0
2021-02-22 06:00:00,0,0,0,0
2021-02-22 07:00:00,0,0,0,0
2021-02-22 08:00:00,4,1,0,8
2021-02-22 09:00:00,57,34,70,62
2021-02-22 10:00:00,190,122,231,174
2021-02-22 11:00:00,345,199,379,266
2021-02-22 12:00:00,427,250,469,302
2021-02-22 13:00:00,513,316,582,273
2021-02-22 14:00:00,575,360,655,253
2021-02-22 15:00:00,504,344,615,218
2021-02-22 16:00:00,366,254,468,157
2021-02-22 17:00:00,253,172,327,82
2021-02-22 18:00:00,68,45,68,19
2021-02-22 19:00:00,2,0,0,0
2021-02-22 20:00:00,0,0,0,0
2021-02-22 21:00:00,0,0,0,0
2021-02-22 22:00:00,0,0,0,0
2021-02-22 23:00:00,0,0,0,0
2021-02-22 24:00:00,0,0,0,0
2021-02-23 01:00:00,0,0,0,0
2021-02-23 02:00:00,0,0,0,0
2021-02-23 03:00:00,0,0,0,0
2021-02-23 04:00:00,0,0,0,0
2021-02-23 05:00:00,0,0,0,0
2021-02-23 06:00:00,0,0,0,0
2021-02-23 07:00:00,0,0,0,0
2021-02-23 08:00:00,5,2,0,6
2021-02-23 09:00:00,89,44,99,63
2021-02-23 10:00:00,237,133,264,185
2021-02-23 11:00:00,410,235,468,276
2021-02-23 12:00:00,561,335,617,307
2021-02-23 13:00:00,641,387,704,261
2021-02-23 14:00:00,624,392,712,231
2021-02-23 15:00:00,550,369,669,201
2021-02-23 16:00:00,419,310,568,138
2021-02-23 17:00:00,287,204,397,90
2021-02-23 18:00:00,67,56,89,14
2021-02-23 19:00:00,3,0,0,0
2021-02-23 20:00:00,0,0,0,0
2021-02-23 21:00:00,0,0,0,0
2021-02-23 22:00:00,0,0,0,0
2021-02-23 23:00:00,0,0,0,0
2021-02-23 24:00:00,0,0,0,0
2021-02-24 01:00:00,0,0,0,0
2021-02-24 02:00:00,0,0,0,0
2021-02-24 03:00:00,0,0,0,0
2021-02-24 04:00:00,0,0,0,0
2021-02-24 05:00:00,0,0,0,0
2021-02-24 06:00:00,0,0,0,0
2021-02-24 07:00:00,0,0,0,0
2021-02-24 08:00:00,7,3,2,11
2021-02-24 09:00:00,98,55,117,80
2021-02-24 10:00:00,269,155,315,187
2021-02-24 11:00:00,434,262,488,263
2021-02-24 12:00:00,542,328,595,306
2021-02-24 13:00:00,553,342,605,315
2021-02-24 14:00:00,513,336,579,281
2021-02-24 15:00:00,530,350,626,257
2021-02-24 16:00:00,411,299,545,191
2021-02-24 17:00:00,276,196,370,97
2021-02-24 18:00:00,71,47,82,19
2021-02-24 19:00:00,2,0,0,0
2021-02-24 20:00:00,0,0,0,0
2021-02-24 21:00:00,0,0,0,0
2021-02-24 22:00:00,0,0,0,0
2021-02-24 23:00:00,0,0,0,0
2021-02-24 24:00:00,0,0,0,0
2021-02-25 01:00:00,0,0,0,0
2021-02-25 02:00:00,0,0,0,0
2021-02-25 03:00:00,0,0,0,0
2021-02-25 04:00:00,0,0,0,0
2021-02-25 05:00:00,0,0,0,0
2021-02-25 06:00:00,0,0,0,0
2021-02-25 07:00:00,0,0,0,0
2021-02-25 08:00:00,0,1,0,5
2021-02-25 09:00:00,14,11,10,41
2021-02-25 10:00:00,36,29,35,101
2021-02-25 11:00:00,90,131,97,142
2021-02-25 12:00:00,237,190,237,171
2021-02-25 13:00:00,292,213,334,179
2021-02-25 14:00:00,351,244,392,167
2021-02-25 15:00:00,357,261,412,143
2021-02-25 16:00:00,273,217,349,97
2021-02-25 17:00:00,190,148,246,40
2021-02-25 18:00:00,60,42,60,9
2021-02-25 19:00:00,3,0,0,0
2021-02-25 20:00:00,0,0,0,0
2021-02-25 21:00:00,0,0,0,0
2021-02-25 22:00:00,0,0,0,0
2021-02-25 23:00:00,0,0,0,0
2021-02-25 24:00:00,0,0,0,0
2021-02-26 01:00:00,0,0,0,0
2021-02-26 02:00:00,0,0,0,0
2021-02-26 03:00:00,0,0,0,0
2021-02-26 04:00:00,0,0,0,0
2021-02-26 05:00:00,0,0,0,0
2021-02-26 06:00:00,0,0,0,0
2021-02-26 07:00:00,0,0,0,0
2021-02-26 08:00:00,8,5,4,3
2021-02-26 09:00:00,105,59,127,31
2021-02-26 10:00:00,287,167,331,94
2021-02-26 11:00:00,435,273,491,131
2021-02-26 12:00:00,562,340,612,179
2021-02-26 13:00:00,626,375,679,210
2021-02-26 14:00:00,619,385,698,195
2021-02-26 15:00:00,563,367,668,149
2021-02-26 16:00:00,425,304,549,92
2021-02-26 17:00:00,239,147,279,62
2021-02-26 18:00:00,78,48,85,17
2021-02-26 19:00:00,2,0,0,0
2021-02-26 20:00:00,0,0,0,0
2021-02-26 21:00:00,0,0,0,0
2021-02-26 22:00:00,0,0,0,0
2021-02-26 23:00:00,0,0,0,0
2021-02-26 24:00:00,0,0,0,0
2021-02-27 01:00:00,0,0,0,0
2021-02-27 02:00:00,0,0,0,0
2021-02-27 03:00:00,0,0,0,0
2021-02-27 04:00:00,0,0,0,0
2021-02-27 05:00:00,0,0,0,0
2021-02-27 06:00:00,0,0,0,0
2021-02-27 07:00:00,0,0,0,0
2021-02-27 08:00:00,11,5,4,1
2021-02-27 09:00:00,96,48,109,35
2021-02-27 10:00:00,237,137,279,97
2021-02-27 11:00:00,423,251,469,156
2021-02-27 12:00:00,492,280,515,250
2021-02-27 13:00:00,503,292,543,216
2021-02-27 14:00:00,471,262,496,190
2021-02-27 15:00:00,329,180,355,196
2021-02-27 16:00:00,248,167,329,136
2021-02-27 17:00:00,246,167,310,54
2021-02-27 18:00:00,68,39,72,13
2021-02-27 19:00:00,2,0,0,0
2021-02-27 20:00:00,0,0,0,0
2021-02-27 21:00:00,0,0,0,0
2021-02-27 22:00:00,0,0,0,0
2021-02-27 23:00:00,0,0,0,0
2021-02-27 24:00:00,0,0,0,0
2021-02-28 01:00:00,0,0,0,0
2021-02-28 02:00:00,0,0,0,0
2021-02-28 03:00:00,0,0,0,0
2021-02-28 04:00:00,0,0,0,0
2021-02-28 05:00:00,0,0,0,0
2021-02-28 06:00:00,0,0,0,0
2021-02-28 07:00:00,0,0,0,0
2021-02-28 08:00:00,2,2,0,7
2021-02-28 09:00:00,35,28,44,48
2021-02-28 10:00:00,97,69,110,105
2021-02-28 11:00:00,165,119,187,95
2021-02-28 12:00:00,201,156,233,174
2021-02-28 13:00:00,289,205,320,159
2021-02-28 14:00:00,357,265,393,79
2021-02-28 15:00:00,305,226,332,106
2021-02-28 16:00:00,231,171,252,59
2021-02-28 17:00:00,114,79,113,35
2021-02-28 18:00:00,47,25,39,7
2021-02-28 19:00:00,2,0,0,0
2021-02-28 20:00:00,0,0,0,0
2021-02-28 21:00:00,0,0,0,0
2021-02-28 22:00:00,0,0,0,0
2021-02-28 23:00:00,0,0,0,0
2021-02-28 24:00:00,0,0,0,0
2021-06-09 01:00:00,0,0,0,0
2021-06-09 02:00:00,0,0,0,0
2021-06-09 03:00:00,0,0,0,0
2021-06-09 04:00:00,0,0,0,0
2021-06-09 05:00:00,0,0,0,0
2021-06-09 06:00:00,1,0,0,0
2021-06-09 07:00:00,19,15,15,14
2021-06-09 08:00:00,72,56,80,54
2021-06-09 09:00:00,178,151,216,111
2021-06-09 10:00:00,342,253,381,161
2021-06-09 11:00:00,407,318,476,191
2021-06-09 12:00:00,533,399,593,198
2021-06-09 13:00:00,532,391,592,218
2021-06-09 14:00:00,542,387,580,209
2021-06-09 15:00:00,390,259,381,206
2021-06-09 16:00:00,205,159,238,184
2021-06-09 17:00:00,180,150,226,153
2021-06-09 18:00:00,114,77,119,79
2021-06-09 19:00:00,34,23,36,21
2021-06-09 20:00:00,4,2,3,0
2021-06-09 21:00:00,0,0,0,0
2021-06-09 22:00:00,0,0,0,0
2021-06-09 23:00:00,0,0,0,0
2021-06-09 24:00:00,0,0,0,0
2021-06-10 01:00:00,0,0,0,0
2021-06-10 02:00:00,0,0,0,0
2021-06-10 03:00:00,0,0,0,0
2021-06-10 04:00:00,0,0,0,0
2021-06-10 05:00:00,0,0,0,0
2021-06-10 06:00:00,0,0,0,1
2021-06-10 07:00:00,13,12,7,15
2021-06-10 08:00:00,51,42,67,46
2021-06-10 09:00:00,140,104,151,106
2021-06-10 10:00:00,181,130,196,149
2021-06-10 11:00:00,247,196,287,221
2021-06-10 12:00:00,304,245,373,236
2021-06-10 13:00:00,446,313,477,291
2021-06-10 14:00:00,465,326,495,195
2021-06-10 15:00:00,414,275,452,150
2021-06-10 16:00:00,410,277,398,122
2021-06-10 17:00:00,163,104,155,95
2021-06-10 18:00:00,95,51,83,63
2021-06-10 19:00:00,23,9,8,17
2021-06-10 20:00:00,2,0,0,0
2021-06-10 21:00:00,0,0,0,0
2021-06-10 22:00:00,0,0,0,0
2021-06-10 23:00:00,0,0,0,0
2021-06-10 24:00:00,0,0,0,0
2021-06-11 01:00:00,0,0,0,0
2021-06-11 02:00:00,0,0,0,0
2021-06-11 03:00:00,0,0,0,0
2021-06-11 04:00:00,0,0,0,0
2021-06-11 05:00:00,0,0,0,0
2021-06-11 06:00:00,0,0,0,0
2021-06-11 07:00:00,23,18,23,7
2021-06-11 08:00:00,96,83,112,22
2021-06-11 09:00:00,197,156,210,79
2021-06-11 10:00:00,289,247,350,101
2021-06-11 11:00:00,413,332,488,147
2021-06-11 12:00:00,498,386,560,160
2021-06-11 13:00:00,516,409,584,180
2021-06-11 14:00:00,523,409,587,246
2021-06-11 15:00:00,454,356,514,201
2021-06-11 16:00:00,383,296,430,200
2021-06-11 17:00:00,298,229,348,148
2021-06-11 18:00:00,217,151,239,73
2021-06-11 19:00:00,92,51,90,25
2021-06-11 20:00:00,7,1,1,1
2021-06-11 21:00:00,0,0,0,0
2021-06-11 22:00:00,0,0,0,0
2021-06-11 23:00:00,0,0,0,0
2021-06-11 24:00:00,0,0,0,0
2021-06-12 01:00:00,0,0,0,0
2021-06-12 02:00:00,0,0,0,0
2021-06-12 03:00:00,0,0,0,0
2021-06-12 04:00:00,0,0,0,0
2021-06-12 05:00:00,0,0,0,0
2021-06-12 06:00:00,0,0,0,0
2021-06-12 07:00:00,29,25,24,15
2021-06-12 08:00:00,93,81,100,54
2021-06-12 09:00:00,188,153,211,112
2021-06-12 10:00:00,341,264,389,166
2021-06-12 11:00:00,375,327,468,206
2021-06-12 12:00:00,458,360,545,248
2021-06-12 13:00:00,524,385,585,304
2021-06-12 14:00:00,536,390,593,262
2021-06-12 15:00:00,469,326,506,203
2021-06-12 16:00:00,407,273,430,158
2021-06-12 17:00:00,316,208,330,126
2021-06-12 18:00:00,206,124,199,58
2021-06-12 19:00:00,84,39,72,13
2021-06-12 20:00:00,7,1,1,0
2021-06-12 21:00:00,0,0,0,0
2021-06-12 22:00:00,0,0,0,0
2021-06-12 23:00:00,0,0,0,0
2021-06-12 24:00:00,0,0,0,0
2021-06-13 01:00:00,0,0,0,0
2021-06-13 02:00:00,0,0,0,0
2021-06-13 03:00:00,0,0,0,0
2021-06-13 04:00:00,0,0,0,0
2021-06-13 05:00:00,0,0,0,0
2021-06-13 06:00:00,1,0,0,0
2021-06-13 07:00:00,27,25,22,19
2021-06-13 08:00:00,88,85,87,54
2021-06-13 09:00:00,217,183,240,109
2021-06-13 10:00:00,327,269,389,150
2021-06-13 11:00:00,447,345,507,188
2021-06-13 12:00:00,509,399,582,166
2021-06-13 13:00:00,521,415,605,180
2021-06-13 14:00:00,507,379,550,216
2021-06-13 15:00:00,416,332,479,254
2021-06-13 16:00:00,385,301,440,233
2021-06-13 17:00:00,260,182,284,154
2021-06-13 18:00:00,157,110,167,75
2021-06-13 19:00:00,58,35,54,25
2021-06-13 20:00:00,11,3,3,0
2021-06-13 21:00:00,0,0,0,0
2021-06-13 22:00:00,0,0,0,0
2021-06-13 23:00:00,0,0,0,0
2021-06-13 24:00:00,0,0,0,0
2021-06-14 01:00:00,0,0,0,0
2021-06-14 02:00:00,0,0,0,0
2021-06-14 03:00:00,0,0,0,0
2021-06-14 04:00:00,0,0,0,0
2021-06-14 05:00:00,0,0,0,0
2021-06-14 06:00:00,0,0,0,1
2021-06-14 07:00:00,9,6,0,10
2021-06-14 08:00:00,36,29,39,44
2021-06-14 09:00:00,85,68,106,82
2021-06-14 10:00:00,210,177,264,114
2021-06-14 11:00:00,223,155,229,99
2021-06-14 12:00:00,402,322,490,149
2021-06-14 13:00:00,509,388,573,124
2021-06-14 14:00:00,501,380,564,87
2021-06-14 15:00:00,531,400,606,55
2021-06-14 16:00:00,429,306,453,45
2021-06-14 17:00:00,301,228,345,36
2021-06-14 18:00:00,186,129,199,28
2021-06-14 19:00:00,84,52,87,9
2021-06-14 20:00:00,11,4,4,0
2021-06-14 21:00:00,0,0,0,0
2021-06-14 22:00:00,0,0,0,0
2021-06-14 23:00:00,0,0,0,0
2021-06-14 24:00:00,0,0,0,0
2021-06-15 01:00:00,0,0,0,0
2021-06-15 02:00:00,0,0,0,0
2021-06-15 03:00:00,0,0,0,0
2021-06-15 04:00:00,0,0,0,0
2021-06-15 05:00:00,0,0,0,0
2021-06-15 06:00:00,0,0,0,0
2021-06-15 07:00:00,27,24,27,11
2021-06-15 08:00:00,90,79,100,50
2021-06-15 09:00:00,193,167,225,95
2021-06-15 10:00:00,304,245,348,141
2021-06-15 11:00:00,429,349,507,171
2021-06-15 12:00:00,558,427,630,209
2021-06-15 13:00:00,606,454,683,210
2021-06-15 14:00:00,608,456,693,215
2021-06-15 15:00:00,571,419,645,191
2021-06-15 16:00:00,550,401,612,228
2021-06-15 17:00:00,403,289,442,140
2021-06-15 18:00:00,257,168,273,68
2021-06-15 19:00:00,96,52,92,18
2021-06-15 20:00:00,10,3,2,0
2021-06-15 21:00:00,0,0,0,0
2021-06-15 22:00:00,0,0,0,0
2021-06-15 23:00:00,0,0,0,0
2021-06-15 24:00:00,0,0,0,0
2021-06-16 01:00:00,0,0,0,0
2021-06-16 02:00:00,0,0,0,0
2021-06-16 03:00:00,0,0,0,0
2021-06-16 04:00:00,0,0,0,0
2021-06-16 05:00:00,0,0,0,0
2021-06-16 06:00:00,0,0,0,0
2021-06-16 07:00:00,20,19,10,17
2021-06-16 08:00:00,82,76,81,65
2021-06-16 09:00:00,191,161,218,135
2021-06-16 10:00:00,355,295,422,195
2021-06-16 11:00:00,499,389,573,227
2021-06-16 12:00:00,587,451,668,204
2021-06-16 13:00:00,633,477,714,274
2021-06-16 14:00:00,637,482,719,285
2021-06-16 15:00:00,611,445,676,220
2021-06-16 16:00:00,518,374,569,174
2021-06-16 17:00:00,388,270,418,145
2021-06-16 18:00:00,227,148,235,75
2021-06-16 19:00:00,92,52,90,19
2021-06-16 20:00:00,10,4,1,0
2021-06-16 21:00:00,0,0,0,0
2021-06-16 22:00:00,0,0,0,0
2021-06-16 23:00:00,0,0,0,0
2021-06-16 24:00:00,0,0,0,0
2021-06-17 01:00:00,0,0,0,0
2021-06-17 02:00:00,0,0,0,0
2021-06-17 03:00:00,0,0,0,0
2021-06-17 04:00:00,0,0,0,0
2021-06-17 05:00:00,0,0,0,0
2021-06-17 06:00:00,1,1,0,1
2021-06-17 07:00:00,24,23,25,32
2021-06-17 08:00:00,102,82,106,88
2021-06-17 09:00:00,178,143,200,175
2021-06-17 10:00:00,243,201,269,239
2021-06-17 11:00:00,392,305,469,270
2021-06-17 12:00:00,519,366,561,304
2021-06-17 13:00:00,611,432,660,267
2021-06-17 14:00:00,554,386,589,260
2021-06-17 15:00:00,436,281,424,289
2021-06-17 16:00:00,289,203,314,219
2021-06-17 17:00:00,260,182,292,96
2021-06-17 18:00:00,224,140,223,78
2021-06-17 19:00:00,94,49,81,25
2021-06-17 20:00:00,10,2,0,1
2021-06-17 21:00:00,0,0,0,0
2021-06-17 22:00:00,0,0,0,0
2021-06-17 23:00:00,0,0,0,0
2021-06-17 24:00:00,0,0,0,0
2021-06-18 01:00:00,0,0,0,0
2021-06-18 02:00:00,0,0,0,0
2021-06-18 03:00:00,0,0,0,0
2021-06-18 04:00:00,0,0,0,0
2021-06-18 05:00:00,0,0,0,0
2021-06-18 06:00:00,0,0,0,1
2021-06-18 07:00:00,25,19,21,19
2021-06-18 08:00:00,72,64,85,46
2021-06-18 09:00:00,125,101,137,77
2021-06-18 10:00:00,227,175,266,97
2021-06-18 11:00:00,316,230,342,88
2021-06-18 12:00:00,288,203,310,143
2021-06-18 13:00:00,370,267,408,140
2021-06-18 14:00:00,396,293,447,206
2021-06-18 15:00:00,442,306,467,180
2021-06-18 16:00:00,404,298,459,152
2021-06-18 17:00:00,311,208,320,105
2021-06-18 18:00:00,184,117,188,42
2021-06-18 19:00:00,65,31,51,15
2021-06-18 20:00:00,7,2,2,0
2021-06-18 21:00:00,0,0,0,0
2021-06-18 22:00:00,0,0,0,0
2021-06-18 23:00:00,0,0,0,0
2021-06-18 24:00:00,0,0,0,0
2021-06-19 01:00:00,0,0,0,0
2021-06-19 02:00:00,0,0,0,0
2021-06-19 03:00:00,0,0,0,0
2021-06-19 04:00:00,0,0,0,0
2021-06-19 05:00:00,0,0,0,0
2021-06-19 06:00:00,0,0,0,0
2021-06-19 07:00:00,14,10,11,22
2021-06-19 08:00:00,57,39,60,57
2021-06-19 09:00:00,143,101,159,87
2021-06-19 10:00:00,213,186,270,150
2021-06-19 11:00:00,138,222,324,217
2021-06-19 12:00:00,143,297,384,222
2021-06-19 13:00:00,176,346,429,231
2021-06-19 14:00:00,225,326,483,231
2021-06-19 15:00:00,283,308,516,247
2021-06-19 16:00:00,253,302,461,227
2021-06-19 17:00:00,226,245,374,133
2021-06-19 18:00:00,134,139,217,63
2021-06-19 19:00:00,53,46,75,16
2021-06-19 20:00:00,6,3,2,1
2021-06-19 21:00:00,0,0,0,0
2021-06-19 22:00:00,0,0,0,0
2021-06-19 23:00:00,0,0,0,0
2021-06-19 24:00:00,0,0,0,0
2021-06-20 01:00:00,0,0,0,0
2021-06-20 02:00:00,0,0,0,0
2021-06-20 03:00:00,0,0,0,0
2021-06-20 04:00:00,0,0,0,0
2021-06-20 05:00:00,0,0,0,0
2021-06-20 06:00:00,0,1,0,1
2021-06-20 07:00:00,20,29,30,31
2021-06-20 08:00:00,40,64,77,84
2021-06-20 09:00:00,98,132,182,153
2021-06-20 10:00:00,132,198,297,219
2021-06-20 11:00:00,248,281,445,271
2021-06-20 12:00:00,335,342,525,316
2021-06-20 13:00:00,362,401,625,328
2021-06-20 14:00:00,441,459,701,310
2021-06-20 15:00:00,432,449,677,273
2021-06-20 16:00:00,387,388,594,207
2021-06-20 17:00:00,291,298,460,146
2021-06-20 18:00:00,189,174,272,80
2021-06-20 19:00:00,69,51,92,26
2021-06-20 20:00:00,7,3,3,1
2021-06-20 21:00:00,0,0,0,0
2021-06-20 22:00:00,0,0,0,0
2021-06-20 23:00:00,0,0,0,0
2021-06-20 24:00:00,0,0,0,0
2021-06-21 01:00:00,0,0,0,0
2021-06-21 02:00:00,0,0,0,0
2021-06-21 03:00:00,0,0,0,0
2021-06-21 04:00:00,0,0,0,0
2021-06-21 05:00:00,0,0,0,0
2021-06-21 06:00:00,0,0,0,1
2021-06-21 07:00:00,6,9,6,26
2021-06-21 08:00:00,28,51,68,73
2021-06-21 09:00:00,74,120,156,155
2021-06-21 10:00:00,107,194,268,223
2021-06-21 11:00:00,220,302,439,242
2021-06-21 12:00:00,392,443,653,292
2021-06-21 13:00:00,443,475,697,316
2021-06-21 14:00:00,449,475,701,306
2021-06-21 15:00:00,431,430,664,281
2021-06-21 16:00:00,379,383,582,234
2021-06-21 17:00:00,294,268,412,149
2021-06-21 18:00:00,179,143,234,52
2021-06-21 19:00:00,77,57,105,15
2021-06-21 20:00:00,9,3,2,0
2021-06-21 21:00:00,0,0,0,0
2021-06-21 22:00:00,0,0,0,0
2021-06-21 23:00:00,0,0,0,0
2021-06-21 24:00:00,0,0,0,0
2021-06-22 01:00:00,0,0,0,0
2021-06-22 02:00:00,0,0,0,0
2021-06-22 03:00:00,0,0,0,0
2021-06-22 04:00:00,0,0,0,0
2021-06-22 05:00:00,0,0,0,0
2021-06-22 06:00:00,0,1,0,1
2021-06-22 07:00:00,17,21,16,19
2021-06-22 08:00:00,57,73,79,61
2021-06-22 09:00:00,137,175,223,140
2021-06-22 10:00:00,246,291,420,216
2021-06-22 11:00:00,334,374,545,246
2021-06-22 12:00:00,390,432,634,254
2021-06-22 13:00:00,417,461,676,302
2021-06-22 14:00:00,431,460,684,290
2021-06-22 15:00:00,412,434,650,276
2021-06-22 16:00:00,361,372,560,259
2021-06-22 17:00:00,289,285,440,172
2021-06-22 18:00:00,197,166,264,89
2021-06-22 19:00:00,78,59,105,21
2021-06-22 20:00:00,7,3,3,0
2021-06-22 21:00:00,0,0,0,0
2021-06-22 22:00:00,0,0,0,0
2021-06-22 23:00:00,0,0,0,0
2021-06-22 24:00:00,0,0,0,0
2021-06-23 01:00:00,0,0,0,0
2021-06-23 02:00:00,0,0,0,0
2021-06-23 03:00:00,0,0,0,0
2021-06-23 04:00:00,0,0,0,0
2021-06-23 05:00:00,0,0,0,0
2021-06-23 06:00:00,0,0,0,0
2021-06-23 07:00:00,6,9,1,11
2021-06-23 08:00:00,34,58,58,41
2021-06-23 09:00:00,130,153,204,86
2021-06-23 10:00:00,218,253,368,116
2021-06-23 11:00:00,315,368,529,194
2021-06-23 12:00:00,375,387,565,219
2021-06-23 13:00:00,370,377,569,208
2021-06-23 14:00:00,360,353,528,230
2021-06-23 15:00:00,409,358,541,247
2021-06-23 16:00:00,360,291,439,227
2021-06-23 17:00:00,284,211,329,169
2021-06-23 18:00:00,163,107,174,97
2021-06-23 19:00:00,68,33,57,19
2021-06-23 20:00:00,6,2,1,1
2021-06-23 21:00:00,0,0,0,0
2021-06-23 22:00:00,0,0,0,0
2021-06-23 23:00:00,0,0,0,0
2021-06-23 24:00:00,0,0,0,0
2021-06-24 01:00:00,0,0,0,0
2021-06-24 02:00:00,0,0,0,0
2021-06-24 03:00:00,0,0,0,0
2021-06-24 04:00:00,0,0,0,0
2021-06-24 05:00:00,0,0,0,0
2021-06-24 06:00:00,0,0,0,0
2021-06-24 07:00:00,16,20,11,28
2021-06-24 08:00:00,71,70,74,76
2021-06-24 09:00:00,193,170,219,145
2021-06-24 10:00:00,350,277,410,221
2021-06-24 11:00:00,485,363,539,291
2021-06-24 12:00:00,581,423,636,321
2021-06-24 13:00:00,635,453,693,332
2021-06-24 14:00:00,650,460,707,325
2021-06-24 15:00:00,628,435,673,274
2021-06-24 16:00:00,557,378,590,231
2021-06-24 17:00:00,439,291,457,166
2021-06-24 18:00:00,287,174,283,83
2021-06-24 19:00:00,117,54,103,23
2021-06-24 20:00:00,13,3,2,1
2021-06-24 21:00:00,0,0,0,0
2021-06-24 22:00:00,0,0,0,0
2021-06-24 23:00:00,0,0,0,0
2021-06-24 24:00:00,0,0,0,0
2021-06-25 01:00:00,0,0,0,0
2021-06-25 02:00:00,0,0,0,0
2021-06-25 03:00:00,0,0,0,0
2021-06-25 04:00:00,0,0,0,0
2021-06-25 05:00:00,0,0,0,0
2021-06-25 06:00:00,0,0,0,0
2021-06-25 07:00:00,17,17,13,16
2021-06-25 08:00:00,51,63,72,60
2021-06-25 09:00:00,126,113,145,115
2021-06-25 10:00:00,198,172,256,174
2021-06-25 11:00:00,244,204,293,196
2021-06-25 12:00:00,329,262,395,238
2021-06-25 13:00:00,385,297,444,231
2021-06-25 14:00:00,363,281,425,207
2021-06-25 15:00:00,332,276,423,165
2021-06-25 16:00:00,366,262,405,120
2021-06-25 17:00:00,291,201,312,103
2021-06-25 18:00:00,166,114,181,58
2021-06-25 19:00:00,75,35,62,18
2021-06-25 20:00:00,8,2,0,0
2021-06-25 21:00:00,0,0,0,0
2021-06-25 22:00:00,0,0,0,0
2021-06-25 23:00:00,0,0,0,0
2021-06-25 24:00:00,0,0,0,0
2021-06-26 01:00:00,NA,0,0,0
2021-06-26 02:00:00,NA,0,0,0
2021-06-26 03:00:00,NA,0,0,0
2021-06-26 04:00:00,NA,0,0,0
2021-06-26 05:00:00,NA,0,0,0
2021-06-26 06:00:00,NA,0,0,0
2021-06-26 07:00:00,NA,9,7,11
2021-06-26 08:00:00,NA,27,35,59
2021-06-26 09:00:00,NA,73,93,82
2021-06-26 10:00:00,NA,104,145,79
2021-06-26 11:00:00,NA,147,212,115
2021-06-26 12:00:00,NA,201,285,118
2021-06-26 13:00:00,NA,215,312,160
2021-06-26 14:00:00,NA,272,406,167
2021-06-26 15:00:00,NA,220,324,161
2021-06-26 16:00:00,NA,175,256,118
2021-06-26 17:00:00,NA,138,203,89
2021-06-26 18:00:00,NA,80,119,45
2021-06-26 19:00:00,NA,22,32,11
2021-06-26 20:00:00,NA,1,0,0
2021-06-26 21:00:00,NA,0,0,0
2021-06-26 22:00:00,NA,0,0,0
2021-06-26 23:00:00,NA,0,0,0
2021-06-26 24:00:00,NA,0,0,0
2021-06-27 01:00:00,0,0,0,0
2021-06-27 02:00:00,0,0,0,0
2021-06-27 03:00:00,0,0,0,0
2021-06-27 04:00:00,0,0,0,0
2021-06-27 05:00:00,0,0,0,0
2021-06-27 06:00:00,0,0,0,0
2021-06-27 07:00:00,12,6,4,7
2021-06-27 08:00:00,53,43,56,25
2021-06-27 09:00:00,97,83,115,55
2021-06-27 10:00:00,220,176,246,94
2021-06-27 11:00:00,316,246,346,128
2021-06-27 12:00:00,464,334,506,145
2021-06-27 13:00:00,523,354,530,128
2021-06-27 14:00:00,493,362,543,130
2021-06-27 15:00:00,539,364,552,165
2021-06-27 16:00:00,451,313,474,173
2021-06-27 17:00:00,363,249,382,109
2021-06-27 18:00:00,212,140,219,63
2021-06-27 19:00:00,110,64,105,15
2021-06-27 20:00:00,14,5,4,0
2021-06-27 21:00:00,0,0,0,0
2021-06-27 22:00:00,0,0,0,0
2021-06-27 23:00:00,0,0,0,0
2021-06-27 24:00:00,0,0,0,0
2021-06-28 01:00:00,0,0,0,0
2021-06-28 02:00:00,0,0,0,0
2021-06-28 03:00:00,0,0,0,0
2021-06-28 04:00:00,0,0,0,0
2021-06-28 05:00:00,0,0,0,0
2021-06-28 06:00:00,0,0,0,0
2021-06-28 07:00:00,16,11,10,8
2021-06-28 08:00:00,63,45,66,27
2021-06-28 09:00:00,124,114,147,63
2021-06-28 10:00:00,162,168,189,87
2021-06-28 11:00:00,288,223,294,104
2021-06-28 12:00:00,366,252,400,161
2021-06-28 13:00:00,335,249,350,171
2021-06-28 14:00:00,411,311,459,178
2021-06-28 15:00:00,387,282,409,163
2021-06-28 16:00:00,322,225,341,149
2021-06-28 17:00:00,217,153,224,95
2021-06-28 18:00:00,127,88,133,63
2021-06-28 19:00:00,52,32,54,21
2021-06-28 20:00:00,4,1,1,0
2021-06-28 21:00:00,0,0,0,0
2021-06-28 22:00:00,0,0,0,0
2021-06-28 23:00:00,0,0,0,0
2021-06-28 24:00:00,0,0,0,0
2021-06-29 01:00:00,0,0,0,0
2021-06-29 02:00:00,0,0,0,0
2021-06-29 03:00:00,0,0,0,0
2021-06-29 04:00:00,0,0,0,0
2021-06-29 05:00:00,0,0,0,0
2021-06-29 06:00:00,1,0,0,0
2021-06-29 07:00:00,18,10,11,11
2021-06-29 08:00:00,49,33,58,45
2021-06-29 09:00:00,105,70,117,82
2021-06-29 10:00:00,138,97,162,102
2021-06-29 11:00:00,171,121,186,79
2021-06-29 12:00:00,257,187,303,106
2021-06-29 13:00:00,290,183,306,120
2021-06-29 14:00:00,290,183,306,141
2021-06-29 15:00:00,308,203,332,145
2021-06-29 16:00:00,251,150,252,107
2021-06-29 17:00:00,180,118,200,58
2021-06-29 18:00:00,154,105,170,27
2021-06-29 19:00:00,76,41,69,2
2021-06-29 20:00:00,7,1,1,0
2021-06-29 21:00:00,0,0,0,0
2021-06-29 22:00:00,0,0,0,0
2021-06-29 23:00:00,0,0,0,0
2021-06-29 24:00:00,0,0,0,0
2021-06-30 01:00:00,0,0,0,0
2021-06-30 02:00:00,0,0,0,0
2021-06-30 03:00:00,0,0,0,0
2021-06-30 04:00:00,0,0,0,0
2021-06-30 05:00:00,0,0,0,0
2021-06-30 06:00:00,0,0,0,0
2021-06-30 07:00:00,15,15,18,8
2021-06-30 08:00:00,59,47,73,24
2021-06-30 09:00:00,109,82,116,57
2021-06-30 10:00:00,164,138,204,102
2021-06-30 11:00:00,198,134,217,111
2021-06-30 12:00:00,231,170,263,148
2021-06-30 13:00:00,248,165,267,130
2021-06-30 14:00:00,209,144,219,113
2021-06-30 15:00:00,176,122,188,170
2021-06-30 16:00:00,116,83,135,118
2021-06-30 17:00:00,136,90,147,63
2021-06-30 18:00:00,106,66,100,28
2021-06-30 19:00:00,34,20,29,13
2021-06-30 20:00:00,5,1,0,0
2021-06-30 21:00:00,0,0,0,0
2021-06-30 22:00:00,0,0,0,0
2021-06-30 23:00:00,0,0,0,0
2021-06-30 24:00:00,0,0,0,0
2021-07-01 01:00:00,0,0,0,0
2021-07-01 02:00:00,0,0,0,0
2021-07-01 03:00:00,0,0,0,0
2021-07-01 04:00:00,0,0,0,0
2021-07-01 05:00:00,0,0,0,0
2021-07-01 06:00:00,0,0,0,0
2021-07-01 07:00:00,6,5,2,9
2021-07-01 08:00:00,30,25,35,29
2021-07-01 09:00:00,74,65,91,87
2021-07-01 10:00:00,140,122,159,121
2021-07-01 11:00:00,167,128,183,216
2021-07-01 12:00:00,221,160,238,173
2021-07-01 13:00:00,217,162,242,195
2021-07-01 14:00:00,234,178,262,164
2021-07-01 15:00:00,278,214,331,191
2021-07-01 16:00:00,282,200,295,105
2021-07-01 17:00:00,215,150,231,76
2021-07-01 18:00:00,155,101,155,46
2021-07-01 19:00:00,65,32,59,9
2021-07-01 20:00:00,7,2,2,0
2021-07-01 21:00:00,0,0,0,0
2021-07-01 22:00:00,0,0,0,0
2021-07-01 23:00:00,0,0,0,0
2021-07-01 24:00:00,0,0,0,0
2021-07-02 01:00:00,0,0,0,0
2021-07-02 02:00:00,0,0,0,0
2021-07-02 03:00:00,0,0,0,0
2021-07-02 04:00:00,0,0,0,0
2021-07-02 05:00:00,0,0,0,0
2021-07-02 06:00:00,2,0,0,0
2021-07-02 07:00:00,21,17,16,21
2021-07-02 08:00:00,67,49,65,76
2021-07-02 09:00:00,117,95,125,138
2021-07-02 10:00:00,224,159,254,168
2021-07-02 11:00:00,320,247,363,214
2021-07-02 12:00:00,436,326,503,245
2021-07-02 13:00:00,466,338,497,235
2021-07-02 14:00:00,525,400,620,209
2021-07-02 15:00:00,515,361,529,210
2021-07-02 16:00:00,367,262,395,139
2021-07-02 17:00:00,302,221,335,117
2021-07-02 18:00:00,197,128,198,76
2021-07-02 19:00:00,74,43,74,25
2021-07-02 20:00:00,8,2,3,1
2021-07-02 21:00:00,0,0,0,0
2021-07-02 22:00:00,0,0,0,0
2021-07-02 23:00:00,0,0,0,0
2021-07-02 24:00:00,0,0,0,0
2021-07-03 01:00:00,0,0,0,0
2021-07-03 02:00:00,0,0,0,0
2021-07-03 03:00:00,0,0,0,0
2021-07-03 04:00:00,0,0,0,0
2021-07-03 05:00:00,0,0,0,0
2021-07-03 06:00:00,1,0,0,0
2021-07-03 07:00:00,32,26,29,8
2021-07-03 08:00:00,88,86,96,46
2021-07-03 09:00:00,156,143,171,75
2021-07-03 10:00:00,269,251,306,79
2021-07-03 11:00:00,436,343,490,96
2021-07-03 12:00:00,459,337,483,124
2021-07-03 13:00:00,405,285,436,103
2021-07-03 14:00:00,407,275,435,94
2021-07-03 15:00:00,427,285,425,110
2021-07-03 16:00:00,310,202,311,89
2021-07-03 17:00:00,248,166,267,44
2021-07-03 18:00:00,117,69,117,15
2021-07-03 19:00:00,29,14,17,12
2021-07-03 20:00:00,7,1,2,0
2021-07-03 21:00:00,0,0,0,0
2021-07-03 22:00:00,0,0,0,0
2021-07-03 23:00:00,0,0,0,0
2021-07-03 24:00:00,0,0,0,0
2021-07-04 01:00:00,0,0,0,0
2021-07-04 02:00:00,0,0,0,0
2021-07-04 03:00:00,0,0,0,0
2021-07-04 04:00:00,0,0,0,0
2021-07-04 05:00:00,0,0,0,0
2021-07-04 06:00:00,0,0,0,0
2021-07-04 07:00:00,16,18,9,14
2021-07-04 08:00:00,65,55,73,64
2021-07-04 09:00:00,123,110,144,137
2021-07-04 10:00:00,234,193,294,195
2021-07-04 11:00:00,433,313,486,242
2021-07-04 12:00:00,569,427,642,252
2021-07-04 13:00:00,620,468,707,254
2021-07-04 14:00:00,592,449,684,186
2021-07-04 15:00:00,524,362,567,166
2021-07-04 16:00:00,511,360,559,136
2021-07-04 17:00:00,322,218,343,73
2021-07-04 18:00:00,211,132,215,50
2021-07-04 19:00:00,80,43,74,18
2021-07-04 20:00:00,9,4,5,0
2021-07-04 21:00:00,0,0,0,0
2021-07-04 22:00:00,0,0,0,0
2021-07-04 23:00:00,0,0,0,0
2021-07-04 24:00:00,0,0,0,0
2021-07-05 01:00:00,0,0,0,0
2021-07-05 02:00:00,0,0,0,0
2021-07-05 03:00:00,0,0,0,0
2021-07-05 04:00:00,0,0,0,0
2021-07-05 05:00:00,0,0,0,0
2021-07-05 06:00:00,0,0,0,0
2021-07-05 07:00:00,14,9,13,11
2021-07-05 08:00:00,51,48,60,54
2021-07-05 09:00:00,179,140,198,88
2021-07-05 10:00:00,249,188,279,160
2021-07-05 11:00:00,368,271,404,150
2021-07-05 12:00:00,492,376,559,164
2021-07-05 13:00:00,570,402,637,209
2021-07-05 14:00:00,625,426,693,216
2021-07-05 15:00:00,611,436,666,251
2021-07-05 16:00:00,529,353,570,212
2021-07-05 17:00:00,422,260,455,137
2021-07-05 18:00:00,274,177,291,69
2021-07-05 19:00:00,122,67,122,23
2021-07-05 20:00:00,20,8,13,0
2021-07-05 21:00:00,0,0,0,0
2021-07-05 22:00:00,0,0,0,0
2021-07-05 23:00:00,0,0,0,0
2021-07-05 24:00:00,0,0,0,0
2021-07-06 01:00:00,0,0,0,0
2021-07-06 02:00:00,0,0,0,0
2021-07-06 03:00:00,0,0,0,0
2021-07-06 04:00:00,0,0,0,0
2021-07-06 05:00:00,0,0,0,0
2021-07-06 06:00:00,0,0,0,0
2021-07-06 07:00:00,19,15,14,11
2021-07-06 08:00:00,59,51,62,36
2021-07-06 09:00:00,157,129,178,52
2021-07-06 10:00:00,239,193,288,83
2021-07-06 11:00:00,390,286,320,140
2021-07-06 12:00:00,505,369,393,147
2021-07-06 13:00:00,587,416,438,169
2021-07-06 14:00:00,564,406,396,176
2021-07-06 15:00:00,542,384,371,145
2021-07-06 16:00:00,462,336,333,99
2021-07-06 17:00:00,358,236,271,57
2021-07-06 18:00:00,222,139,156,36
2021-07-06 19:00:00,76,40,51,10
2021-07-06 20:00:00,7,1,1,0
2021-07-06 21:00:00,0,0,0,0
2021-07-06 22:00:00,0,0,0,0
2021-07-06 23:00:00,0,0,0,0
2021-07-06 24:00:00,0,0,0,0
2021-07-07 01:00:00,0,0,0,0
2021-07-07 02:00:00,0,0,0,0
2021-07-07 03:00:00,0,0,0,0
2021-07-07 04:00:00,0,0,0,0
2021-07-07 05:00:00,0,0,0,0
2021-07-07 06:00:00,0,0,0,0
2021-07-07 07:00:00,23,18,21,14
2021-07-07 08:00:00,54,39,35,41
2021-07-07 09:00:00,156,133,140,91
2021-07-07 10:00:00,227,226,284,187
2021-07-07 11:00:00,321,331,374,198
2021-07-07 12:00:00,381,346,419,273
2021-07-07 13:00:00,318,267,366,270
2021-07-07 14:00:00,366,355,406,244
2021-07-07 15:00:00,328,328,370,234
2021-07-07 16:00:00,269,293,265,162
2021-07-07 17:00:00,136,189,139,110
2021-07-07 18:00:00,95,120,122,86
2021-07-07 19:00:00,42,44,70,23
2021-07-07 20:00:00,10,5,6,0
2021-07-07 21:00:00,0,0,0,0
2021-07-07 22:00:00,0,0,0,0
2021-07-07 23:00:00,0,0,0,0
2021-07-07 24:00:00,0,0,0,0
2021-07-08 01:00:00,0,0,0,0
2021-07-08 02:00:00,0,0,0,0
2021-07-08 03:00:00,0,0,0,0
2021-07-08 04:00:00,0,0,0,0
2021-07-08 05:00:00,0,0,0,0
2021-07-08 06:00:00,0,0,0,0
2021-07-08 07:00:00,21,21,23,19
2021-07-08 08:00:00,72,68,72,55
2021-07-08 09:00:00,174,154,217,75
2021-07-08 10:00:00,305,234,357,88
2021-07-08 11:00:00,458,348,548,115
2021-07-08 12:00:00,532,387,612,121
2021-07-08 13:00:00,609,433,695,88
2021-07-08 14:00:00,624,442,706,86
2021-07-08 15:00:00,574,386,602,69
2021-07-08 16:00:00,442,303,504,73
2021-07-08 17:00:00,425,286,466,67
2021-07-08 18:00:00,231,129,219,33
2021-07-08 19:00:00,90,46,84,8
2021-07-08 20:00:00,10,2,0,0
2021-07-08 21:00:00,0,0,0,0
2021-07-08 22:00:00,0,0,0,0
2021-07-08 23:00:00,0,0,0,0
2021-07-08 24:00:00,0,0,0,0
